Date,Day,WeekNr,Month,ShortMonth,MonthNr,Quarter,Year
20190101,Tuesday,1,January,Jan,1,1,2019
20190102,Wednesday,1,January,Jan,1,1,2019
20190103,Thursday,1,January,Jan,1,1,2019
20190104,Friday,1,January,Jan,1,1,2019
20190105,Saturday,1,January,Jan,1,1,2019
20190106,Sunday,2,January,Jan,1,1,2019
20190107,Monday,2,January,Jan,1,1,2019
20190108,Tuesday,2,January,Jan,1,1,2019
20190109,Wednesday,2,January,Jan,1,1,2019
20190110,Thursday,2,January,Jan,1,1,2019
20190111,Friday,2,January,Jan,1,1,2019
20190112,Saturday,2,January,Jan,1,1,2019
20190113,Sunday,3,January,Jan,1,1,2019
20190114,Monday,3,January,Jan,1,1,2019
20190115,Tuesday,3,January,Jan,1,1,2019
20190116,Wednesday,3,January,Jan,1,1,2019
20190117,Thursday,3,January,Jan,1,1,2019
20190118,Friday,3,January,Jan,1,1,2019
20190119,Saturday,3,January,Jan,1,1,2019
20190120,Sunday,4,January,Jan,1,1,2019
20190121,Monday,4,January,Jan,1,1,2019
20190122,Tuesday,4,January,Jan,1,1,2019
20190123,Wednesday,4,January,Jan,1,1,2019
20190124,Thursday,4,January,Jan,1,1,2019
20190125,Friday,4,January,Jan,1,1,2019
20190126,Saturday,4,January,Jan,1,1,2019
20190127,Sunday,5,January,Jan,1,1,2019
20190128,Monday,5,January,Jan,1,1,2019
20190129,Tuesday,5,January,Jan,1,1,2019
20190130,Wednesday,5,January,Jan,1,1,2019
20190131,Thursday,5,January,Jan,1,1,2019
20190201,Friday,5,February,Feb,2,1,2019
20190202,Saturday,5,February,Feb,2,1,2019
20190203,Sunday,6,February,Feb,2,1,2019
20190204,Monday,6,February,Feb,2,1,2019
20190205,Tuesday,6,February,Feb,2,1,2019
20190206,Wednesday,6,February,Feb,2,1,2019
20190207,Thursday,6,February,Feb,2,1,2019
20190208,Friday,6,February,Feb,2,1,2019
20190209,Saturday,6,February,Feb,2,1,2019
20190210,Sunday,7,February,Feb,2,1,2019
20190211,Monday,7,February,Feb,2,1,2019
20190212,Tuesday,7,February,Feb,2,1,2019
20190213,Wednesday,7,February,Feb,2,1,2019
20190214,Thursday,7,February,Feb,2,1,2019
20190215,Friday,7,February,Feb,2,1,2019
20190216,Saturday,7,February,Feb,2,1,2019
20190217,Sunday,8,February,Feb,2,1,2019
20190218,Monday,8,February,Feb,2,1,2019
20190219,Tuesday,8,February,Feb,2,1,2019
20190220,Wednesday,8,February,Feb,2,1,2019
20190221,Thursday,8,February,Feb,2,1,2019
20190222,Friday,8,February,Feb,2,1,2019
20190223,Saturday,8,February,Feb,2,1,2019
20190224,Sunday,9,February,Feb,2,1,2019
20190225,Monday,9,February,Feb,2,1,2019
20190226,Tuesday,9,February,Feb,2,1,2019
20190227,Wednesday,9,February,Feb,2,1,2019
20190228,Thursday,9,February,Feb,2,1,2019
20190301,Friday,9,March,Mar,3,1,2019
20190302,Saturday,9,March,Mar,3,1,2019
20190303,Sunday,10,March,Mar,3,1,2019
20190304,Monday,10,March,Mar,3,1,2019
20190305,Tuesday,10,March,Mar,3,1,2019
20190306,Wednesday,10,March,Mar,3,1,2019
20190307,Thursday,10,March,Mar,3,1,2019
20190308,Friday,10,March,Mar,3,1,2019
20190309,Saturday,10,March,Mar,3,1,2019
20190310,Sunday,11,March,Mar,3,1,2019
20190311,Monday,11,March,Mar,3,1,2019
20190312,Tuesday,11,March,Mar,3,1,2019
20190313,Wednesday,11,March,Mar,3,1,2019
20190314,Thursday,11,March,Mar,3,1,2019
20190315,Friday,11,March,Mar,3,1,2019
20190316,Saturday,11,March,Mar,3,1,2019
20190317,Sunday,12,March,Mar,3,1,2019
20190318,Monday,12,March,Mar,3,1,2019
20190319,Tuesday,12,March,Mar,3,1,2019
20190320,Wednesday,12,March,Mar,3,1,2019
20190321,Thursday,12,March,Mar,3,1,2019
20190322,Friday,12,March,Mar,3,1,2019
20190323,Saturday,12,March,Mar,3,1,2019
20190324,Sunday,13,March,Mar,3,1,2019
20190325,Monday,13,March,Mar,3,1,2019
20190326,Tuesday,13,March,Mar,3,1,2019
20190327,Wednesday,13,March,Mar,3,1,2019
20190328,Thursday,13,March,Mar,3,1,2019
20190329,Friday,13,March,Mar,3,1,2019
20190330,Saturday,13,March,Mar,3,1,2019
20190331,Sunday,14,March,Mar,3,1,2019
20190401,Monday,14,April,Apr,4,2,2019
20190402,Tuesday,14,April,Apr,4,2,2019
20190403,Wednesday,14,April,Apr,4,2,2019
20190404,Thursday,14,April,Apr,4,2,2019
20190405,Friday,14,April,Apr,4,2,2019
20190406,Saturday,14,April,Apr,4,2,2019
20190407,Sunday,15,April,Apr,4,2,2019
20190408,Monday,15,April,Apr,4,2,2019
20190409,Tuesday,15,April,Apr,4,2,2019
20190410,Wednesday,15,April,Apr,4,2,2019
20190411,Thursday,15,April,Apr,4,2,2019
20190412,Friday,15,April,Apr,4,2,2019
20190413,Saturday,15,April,Apr,4,2,2019
20190414,Sunday,16,April,Apr,4,2,2019
20190415,Monday,16,April,Apr,4,2,2019
20190416,Tuesday,16,April,Apr,4,2,2019
20190417,Wednesday,16,April,Apr,4,2,2019
20190418,Thursday,16,April,Apr,4,2,2019
20190419,Friday,16,April,Apr,4,2,2019
20190420,Saturday,16,April,Apr,4,2,2019
20190421,Sunday,17,April,Apr,4,2,2019
20190422,Monday,17,April,Apr,4,2,2019
20190423,Tuesday,17,April,Apr,4,2,2019
20190424,Wednesday,17,April,Apr,4,2,2019
20190425,Thursday,17,April,Apr,4,2,2019
20190426,Friday,17,April,Apr,4,2,2019
20190427,Saturday,17,April,Apr,4,2,2019
20190428,Sunday,18,April,Apr,4,2,2019
20190429,Monday,18,April,Apr,4,2,2019
20190430,Tuesday,18,April,Apr,4,2,2019
20190501,Wednesday,18,May,May,5,2,2019
20190502,Thursday,18,May,May,5,2,2019
20190503,Friday,18,May,May,5,2,2019
20190504,Saturday,18,May,May,5,2,2019
20190505,Sunday,19,May,May,5,2,2019
20190506,Monday,19,May,May,5,2,2019
20190507,Tuesday,19,May,May,5,2,2019
20190508,Wednesday,19,May,May,5,2,2019
20190509,Thursday,19,May,May,5,2,2019
20190510,Friday,19,May,May,5,2,2019
20190511,Saturday,19,May,May,5,2,2019
20190512,Sunday,20,May,May,5,2,2019
20190513,Monday,20,May,May,5,2,2019
20190514,Tuesday,20,May,May,5,2,2019
20190515,Wednesday,20,May,May,5,2,2019
20190516,Thursday,20,May,May,5,2,2019
20190517,Friday,20,May,May,5,2,2019
20190518,Saturday,20,May,May,5,2,2019
20190519,Sunday,21,May,May,5,2,2019
20190520,Monday,21,May,May,5,2,2019
20190521,Tuesday,21,May,May,5,2,2019
20190522,Wednesday,21,May,May,5,2,2019
20190523,Thursday,21,May,May,5,2,2019
20190524,Friday,21,May,May,5,2,2019
20190525,Saturday,21,May,May,5,2,2019
20190526,Sunday,22,May,May,5,2,2019
20190527,Monday,22,May,May,5,2,2019
20190528,Tuesday,22,May,May,5,2,2019
20190529,Wednesday,22,May,May,5,2,2019
20190530,Thursday,22,May,May,5,2,2019
20190531,Friday,22,May,May,5,2,2019
20190601,Saturday,22,June,Jun,6,2,2019
20190602,Sunday,23,June,Jun,6,2,2019
20190603,Monday,23,June,Jun,6,2,2019
20190604,Tuesday,23,June,Jun,6,2,2019
20190605,Wednesday,23,June,Jun,6,2,2019
20190606,Thursday,23,June,Jun,6,2,2019
20190607,Friday,23,June,Jun,6,2,2019
20190608,Saturday,23,June,Jun,6,2,2019
20190609,Sunday,24,June,Jun,6,2,2019
20190610,Monday,24,June,Jun,6,2,2019
20190611,Tuesday,24,June,Jun,6,2,2019
20190612,Wednesday,24,June,Jun,6,2,2019
20190613,Thursday,24,June,Jun,6,2,2019
20190614,Friday,24,June,Jun,6,2,2019
20190615,Saturday,24,June,Jun,6,2,2019
20190616,Sunday,25,June,Jun,6,2,2019
20190617,Monday,25,June,Jun,6,2,2019
20190618,Tuesday,25,June,Jun,6,2,2019
20190619,Wednesday,25,June,Jun,6,2,2019
20190620,Thursday,25,June,Jun,6,2,2019
20190621,Friday,25,June,Jun,6,2,2019
20190622,Saturday,25,June,Jun,6,2,2019
20190623,Sunday,26,June,Jun,6,2,2019
20190624,Monday,26,June,Jun,6,2,2019
20190625,Tuesday,26,June,Jun,6,2,2019
20190626,Wednesday,26,June,Jun,6,2,2019
20190627,Thursday,26,June,Jun,6,2,2019
20190628,Friday,26,June,Jun,6,2,2019
20190629,Saturday,26,June,Jun,6,2,2019
20190630,Sunday,27,June,Jun,6,2,2019
20190701,Monday,27,July,Jul,7,3,2019
20190702,Tuesday,27,July,Jul,7,3,2019
20190703,Wednesday,27,July,Jul,7,3,2019
20190704,Thursday,27,July,Jul,7,3,2019
20190705,Friday,27,July,Jul,7,3,2019
20190706,Saturday,27,July,Jul,7,3,2019
20190707,Sunday,28,July,Jul,7,3,2019
20190708,Monday,28,July,Jul,7,3,2019
20190709,Tuesday,28,July,Jul,7,3,2019
20190710,Wednesday,28,July,Jul,7,3,2019
20190711,Thursday,28,July,Jul,7,3,2019
20190712,Friday,28,July,Jul,7,3,2019
20190713,Saturday,28,July,Jul,7,3,2019
20190714,Sunday,29,July,Jul,7,3,2019
20190715,Monday,29,July,Jul,7,3,2019
20190716,Tuesday,29,July,Jul,7,3,2019
20190717,Wednesday,29,July,Jul,7,3,2019
20190718,Thursday,29,July,Jul,7,3,2019
20190719,Friday,29,July,Jul,7,3,2019
20190720,Saturday,29,July,Jul,7,3,2019
20190721,Sunday,30,July,Jul,7,3,2019
20190722,Monday,30,July,Jul,7,3,2019
20190723,Tuesday,30,July,Jul,7,3,2019
20190724,Wednesday,30,July,Jul,7,3,2019
20190725,Thursday,30,July,Jul,7,3,2019
20190726,Friday,30,July,Jul,7,3,2019
20190727,Saturday,30,July,Jul,7,3,2019
20190728,Sunday,31,July,Jul,7,3,2019
20190729,Monday,31,July,Jul,7,3,2019
20190730,Tuesday,31,July,Jul,7,3,2019
20190731,Wednesday,31,July,Jul,7,3,2019
20190801,Thursday,31,August,Aug,8,3,2019
20190802,Friday,31,August,Aug,8,3,2019
20190803,Saturday,31,August,Aug,8,3,2019
20190804,Sunday,32,August,Aug,8,3,2019
20190805,Monday,32,August,Aug,8,3,2019
20190806,Tuesday,32,August,Aug,8,3,2019
20190807,Wednesday,32,August,Aug,8,3,2019
20190808,Thursday,32,August,Aug,8,3,2019
20190809,Friday,32,August,Aug,8,3,2019
20190810,Saturday,32,August,Aug,8,3,2019
20190811,Sunday,33,August,Aug,8,3,2019
20190812,Monday,33,August,Aug,8,3,2019
20190813,Tuesday,33,August,Aug,8,3,2019
20190814,Wednesday,33,August,Aug,8,3,2019
20190815,Thursday,33,August,Aug,8,3,2019
20190816,Friday,33,August,Aug,8,3,2019
20190817,Saturday,33,August,Aug,8,3,2019
20190818,Sunday,34,August,Aug,8,3,2019
20190819,Monday,34,August,Aug,8,3,2019
20190820,Tuesday,34,August,Aug,8,3,2019
20190821,Wednesday,34,August,Aug,8,3,2019
20190822,Thursday,34,August,Aug,8,3,2019
20190823,Friday,34,August,Aug,8,3,2019
20190824,Saturday,34,August,Aug,8,3,2019
20190825,Sunday,35,August,Aug,8,3,2019
20190826,Monday,35,August,Aug,8,3,2019
20190827,Tuesday,35,August,Aug,8,3,2019
20190828,Wednesday,35,August,Aug,8,3,2019
20190829,Thursday,35,August,Aug,8,3,2019
20190830,Friday,35,August,Aug,8,3,2019
20190831,Saturday,35,August,Aug,8,3,2019
20190901,Sunday,36,September,Sep,9,3,2019
20190902,Monday,36,September,Sep,9,3,2019
20190903,Tuesday,36,September,Sep,9,3,2019
20190904,Wednesday,36,September,Sep,9,3,2019
20190905,Thursday,36,September,Sep,9,3,2019
20190906,Friday,36,September,Sep,9,3,2019
20190907,Saturday,36,September,Sep,9,3,2019
20190908,Sunday,37,September,Sep,9,3,2019
20190909,Monday,37,September,Sep,9,3,2019
20190910,Tuesday,37,September,Sep,9,3,2019
20190911,Wednesday,37,September,Sep,9,3,2019
20190912,Thursday,37,September,Sep,9,3,2019
20190913,Friday,37,September,Sep,9,3,2019
20190914,Saturday,37,September,Sep,9,3,2019
20190915,Sunday,38,September,Sep,9,3,2019
20190916,Monday,38,September,Sep,9,3,2019
20190917,Tuesday,38,September,Sep,9,3,2019
20190918,Wednesday,38,September,Sep,9,3,2019
20190919,Thursday,38,September,Sep,9,3,2019
20190920,Friday,38,September,Sep,9,3,2019
20190921,Saturday,38,September,Sep,9,3,2019
20190922,Sunday,39,September,Sep,9,3,2019
20190923,Monday,39,September,Sep,9,3,2019
20190924,Tuesday,39,September,Sep,9,3,2019
20190925,Wednesday,39,September,Sep,9,3,2019
20190926,Thursday,39,September,Sep,9,3,2019
20190927,Friday,39,September,Sep,9,3,2019
20190928,Saturday,39,September,Sep,9,3,2019
20190929,Sunday,40,September,Sep,9,3,2019
20190930,Monday,40,September,Sep,9,3,2019
20191001,Tuesday,40,October,Oct,10,4,2019
20191002,Wednesday,40,October,Oct,10,4,2019
20191003,Thursday,40,October,Oct,10,4,2019
20191004,Friday,40,October,Oct,10,4,2019
20191005,Saturday,40,October,Oct,10,4,2019
20191006,Sunday,41,October,Oct,10,4,2019
20191007,Monday,41,October,Oct,10,4,2019
20191008,Tuesday,41,October,Oct,10,4,2019
20191009,Wednesday,41,October,Oct,10,4,2019
20191010,Thursday,41,October,Oct,10,4,2019
20191011,Friday,41,October,Oct,10,4,2019
20191012,Saturday,41,October,Oct,10,4,2019
20191013,Sunday,42,October,Oct,10,4,2019
20191014,Monday,42,October,Oct,10,4,2019
20191015,Tuesday,42,October,Oct,10,4,2019
20191016,Wednesday,42,October,Oct,10,4,2019
20191017,Thursday,42,October,Oct,10,4,2019
20191018,Friday,42,October,Oct,10,4,2019
20191019,Saturday,42,October,Oct,10,4,2019
20191020,Sunday,43,October,Oct,10,4,2019
20191021,Monday,43,October,Oct,10,4,2019
20191022,Tuesday,43,October,Oct,10,4,2019
20191023,Wednesday,43,October,Oct,10,4,2019
20191024,Thursday,43,October,Oct,10,4,2019
20191025,Friday,43,October,Oct,10,4,2019
20191026,Saturday,43,October,Oct,10,4,2019
20191027,Sunday,44,October,Oct,10,4,2019
20191028,Monday,44,October,Oct,10,4,2019
20191029,Tuesday,44,October,Oct,10,4,2019
20191030,Wednesday,44,October,Oct,10,4,2019
20191031,Thursday,44,October,Oct,10,4,2019
20191101,Friday,44,November,Nov,11,4,2019
20191102,Saturday,44,November,Nov,11,4,2019
20191103,Sunday,45,November,Nov,11,4,2019
20191104,Monday,45,November,Nov,11,4,2019
20191105,Tuesday,45,November,Nov,11,4,2019
20191106,Wednesday,45,November,Nov,11,4,2019
20191107,Thursday,45,November,Nov,11,4,2019
20191108,Friday,45,November,Nov,11,4,2019
20191109,Saturday,45,November,Nov,11,4,2019
20191110,Sunday,46,November,Nov,11,4,2019
20191111,Monday,46,November,Nov,11,4,2019
20191112,Tuesday,46,November,Nov,11,4,2019
20191113,Wednesday,46,November,Nov,11,4,2019
20191114,Thursday,46,November,Nov,11,4,2019
20191115,Friday,46,November,Nov,11,4,2019
20191116,Saturday,46,November,Nov,11,4,2019
20191117,Sunday,47,November,Nov,11,4,2019
20191118,Monday,47,November,Nov,11,4,2019
20191119,Tuesday,47,November,Nov,11,4,2019
20191120,Wednesday,47,November,Nov,11,4,2019
20191121,Thursday,47,November,Nov,11,4,2019
20191122,Friday,47,November,Nov,11,4,2019
20191123,Saturday,47,November,Nov,11,4,2019
20191124,Sunday,48,November,Nov,11,4,2019
20191125,Monday,48,November,Nov,11,4,2019
20191126,Tuesday,48,November,Nov,11,4,2019
20191127,Wednesday,48,November,Nov,11,4,2019
20191128,Thursday,48,November,Nov,11,4,2019
20191129,Friday,48,November,Nov,11,4,2019
20191130,Saturday,48,November,Nov,11,4,2019
20191201,Sunday,49,December,Dec,12,4,2019
20191202,Monday,49,December,Dec,12,4,2019
20191203,Tuesday,49,December,Dec,12,4,2019
20191204,Wednesday,49,December,Dec,12,4,2019
20191205,Thursday,49,December,Dec,12,4,2019
20191206,Friday,49,December,Dec,12,4,2019
20191207,Saturday,49,December,Dec,12,4,2019
20191208,Sunday,50,December,Dec,12,4,2019
20191209,Monday,50,December,Dec,12,4,2019
20191210,Tuesday,50,December,Dec,12,4,2019
20191211,Wednesday,50,December,Dec,12,4,2019
20191212,Thursday,50,December,Dec,12,4,2019
20191213,Friday,50,December,Dec,12,4,2019
20191214,Saturday,50,December,Dec,12,4,2019
20191215,Sunday,51,December,Dec,12,4,2019
20191216,Monday,51,December,Dec,12,4,2019
20191217,Tuesday,51,December,Dec,12,4,2019
20191218,Wednesday,51,December,Dec,12,4,2019
20191219,Thursday,51,December,Dec,12,4,2019
20191220,Friday,51,December,Dec,12,4,2019
20191221,Saturday,51,December,Dec,12,4,2019
20191222,Sunday,52,December,Dec,12,4,2019
20191223,Monday,52,December,Dec,12,4,2019
20191224,Tuesday,52,December,Dec,12,4,2019
20191225,Wednesday,52,December,Dec,12,4,2019
20191226,Thursday,52,December,Dec,12,4,2019
20191227,Friday,52,December,Dec,12,4,2019
20191228,Saturday,52,December,Dec,12,4,2019
20191229,Sunday,53,December,Dec,12,4,2019
20191230,Monday,53,December,Dec,12,4,2019
20191231,Tuesday,53,December,Dec,12,4,2019
20200101,Wednesday,1,January,Jan,1,1,2020
20200102,Thursday,1,January,Jan,1,1,2020
20200103,Friday,1,January,Jan,1,1,2020
20200104,Saturday,1,January,Jan,1,1,2020
20200105,Sunday,2,January,Jan,1,1,2020
20200106,Monday,2,January,Jan,1,1,2020
20200107,Tuesday,2,January,Jan,1,1,2020
20200108,Wednesday,2,January,Jan,1,1,2020
20200109,Thursday,2,January,Jan,1,1,2020
20200110,Friday,2,January,Jan,1,1,2020
20200111,Saturday,2,January,Jan,1,1,2020
20200112,Sunday,3,January,Jan,1,1,2020
20200113,Monday,3,January,Jan,1,1,2020
20200114,Tuesday,3,January,Jan,1,1,2020
20200115,Wednesday,3,January,Jan,1,1,2020
20200116,Thursday,3,January,Jan,1,1,2020
20200117,Friday,3,January,Jan,1,1,2020
20200118,Saturday,3,January,Jan,1,1,2020
20200119,Sunday,4,January,Jan,1,1,2020
20200120,Monday,4,January,Jan,1,1,2020
20200121,Tuesday,4,January,Jan,1,1,2020
20200122,Wednesday,4,January,Jan,1,1,2020
20200123,Thursday,4,January,Jan,1,1,2020
20200124,Friday,4,January,Jan,1,1,2020
20200125,Saturday,4,January,Jan,1,1,2020
20200126,Sunday,5,January,Jan,1,1,2020
20200127,Monday,5,January,Jan,1,1,2020
20200128,Tuesday,5,January,Jan,1,1,2020
20200129,Wednesday,5,January,Jan,1,1,2020
20200130,Thursday,5,January,Jan,1,1,2020
20200131,Friday,5,January,Jan,1,1,2020
20200201,Saturday,5,February,Feb,2,1,2020
20200202,Sunday,6,February,Feb,2,1,2020
20200203,Monday,6,February,Feb,2,1,2020
20200204,Tuesday,6,February,Feb,2,1,2020
20200205,Wednesday,6,February,Feb,2,1,2020
20200206,Thursday,6,February,Feb,2,1,2020
20200207,Friday,6,February,Feb,2,1,2020
20200208,Saturday,6,February,Feb,2,1,2020
20200209,Sunday,7,February,Feb,2,1,2020
20200210,Monday,7,February,Feb,2,1,2020
20200211,Tuesday,7,February,Feb,2,1,2020
20200212,Wednesday,7,February,Feb,2,1,2020
20200213,Thursday,7,February,Feb,2,1,2020
20200214,Friday,7,February,Feb,2,1,2020
20200215,Saturday,7,February,Feb,2,1,2020
20200216,Sunday,8,February,Feb,2,1,2020
20200217,Monday,8,February,Feb,2,1,2020
20200218,Tuesday,8,February,Feb,2,1,2020
20200219,Wednesday,8,February,Feb,2,1,2020
20200220,Thursday,8,February,Feb,2,1,2020
20200221,Friday,8,February,Feb,2,1,2020
20200222,Saturday,8,February,Feb,2,1,2020
20200223,Sunday,9,February,Feb,2,1,2020
20200224,Monday,9,February,Feb,2,1,2020
20200225,Tuesday,9,February,Feb,2,1,2020
20200226,Wednesday,9,February,Feb,2,1,2020
20200227,Thursday,9,February,Feb,2,1,2020
20200228,Friday,9,February,Feb,2,1,2020
20200229,Saturday,9,February,Feb,2,1,2020
20200301,Sunday,10,March,Mar,3,1,2020
20200302,Monday,10,March,Mar,3,1,2020
20200303,Tuesday,10,March,Mar,3,1,2020
20200304,Wednesday,10,March,Mar,3,1,2020
20200305,Thursday,10,March,Mar,3,1,2020
20200306,Friday,10,March,Mar,3,1,2020
20200307,Saturday,10,March,Mar,3,1,2020
20200308,Sunday,11,March,Mar,3,1,2020
20200309,Monday,11,March,Mar,3,1,2020
20200310,Tuesday,11,March,Mar,3,1,2020
20200311,Wednesday,11,March,Mar,3,1,2020
20200312,Thursday,11,March,Mar,3,1,2020
20200313,Friday,11,March,Mar,3,1,2020
20200314,Saturday,11,March,Mar,3,1,2020
20200315,Sunday,12,March,Mar,3,1,2020
20200316,Monday,12,March,Mar,3,1,2020
20200317,Tuesday,12,March,Mar,3,1,2020
20200318,Wednesday,12,March,Mar,3,1,2020
20200319,Thursday,12,March,Mar,3,1,2020
20200320,Friday,12,March,Mar,3,1,2020
20200321,Saturday,12,March,Mar,3,1,2020
20200322,Sunday,13,March,Mar,3,1,2020
20200323,Monday,13,March,Mar,3,1,2020
20200324,Tuesday,13,March,Mar,3,1,2020
20200325,Wednesday,13,March,Mar,3,1,2020
20200326,Thursday,13,March,Mar,3,1,2020
20200327,Friday,13,March,Mar,3,1,2020
20200328,Saturday,13,March,Mar,3,1,2020
20200329,Sunday,14,March,Mar,3,1,2020
20200330,Monday,14,March,Mar,3,1,2020
20200331,Tuesday,14,March,Mar,3,1,2020
20200401,Wednesday,14,April,Apr,4,2,2020
20200402,Thursday,14,April,Apr,4,2,2020
20200403,Friday,14,April,Apr,4,2,2020
20200404,Saturday,14,April,Apr,4,2,2020
20200405,Sunday,15,April,Apr,4,2,2020
20200406,Monday,15,April,Apr,4,2,2020
20200407,Tuesday,15,April,Apr,4,2,2020
20200408,Wednesday,15,April,Apr,4,2,2020
20200409,Thursday,15,April,Apr,4,2,2020
20200410,Friday,15,April,Apr,4,2,2020
20200411,Saturday,15,April,Apr,4,2,2020
20200412,Sunday,16,April,Apr,4,2,2020
20200413,Monday,16,April,Apr,4,2,2020
20200414,Tuesday,16,April,Apr,4,2,2020
20200415,Wednesday,16,April,Apr,4,2,2020
20200416,Thursday,16,April,Apr,4,2,2020
20200417,Friday,16,April,Apr,4,2,2020
20200418,Saturday,16,April,Apr,4,2,2020
20200419,Sunday,17,April,Apr,4,2,2020
20200420,Monday,17,April,Apr,4,2,2020
20200421,Tuesday,17,April,Apr,4,2,2020
20200422,Wednesday,17,April,Apr,4,2,2020
20200423,Thursday,17,April,Apr,4,2,2020
20200424,Friday,17,April,Apr,4,2,2020
20200425,Saturday,17,April,Apr,4,2,2020
20200426,Sunday,18,April,Apr,4,2,2020
20200427,Monday,18,April,Apr,4,2,2020
20200428,Tuesday,18,April,Apr,4,2,2020
20200429,Wednesday,18,April,Apr,4,2,2020
20200430,Thursday,18,April,Apr,4,2,2020
20200501,Friday,18,May,May,5,2,2020
20200502,Saturday,18,May,May,5,2,2020
20200503,Sunday,19,May,May,5,2,2020
20200504,Monday,19,May,May,5,2,2020
20200505,Tuesday,19,May,May,5,2,2020
20200506,Wednesday,19,May,May,5,2,2020
20200507,Thursday,19,May,May,5,2,2020
20200508,Friday,19,May,May,5,2,2020
20200509,Saturday,19,May,May,5,2,2020
20200510,Sunday,20,May,May,5,2,2020
20200511,Monday,20,May,May,5,2,2020
20200512,Tuesday,20,May,May,5,2,2020
20200513,Wednesday,20,May,May,5,2,2020
20200514,Thursday,20,May,May,5,2,2020
20200515,Friday,20,May,May,5,2,2020
20200516,Saturday,20,May,May,5,2,2020
20200517,Sunday,21,May,May,5,2,2020
20200518,Monday,21,May,May,5,2,2020
20200519,Tuesday,21,May,May,5,2,2020
20200520,Wednesday,21,May,May,5,2,2020
20200521,Thursday,21,May,May,5,2,2020
20200522,Friday,21,May,May,5,2,2020
20200523,Saturday,21,May,May,5,2,2020
20200524,Sunday,22,May,May,5,2,2020
20200525,Monday,22,May,May,5,2,2020
20200526,Tuesday,22,May,May,5,2,2020
20200527,Wednesday,22,May,May,5,2,2020
20200528,Thursday,22,May,May,5,2,2020
20200529,Friday,22,May,May,5,2,2020
20200530,Saturday,22,May,May,5,2,2020
20200531,Sunday,23,May,May,5,2,2020
20200601,Monday,23,June,Jun,6,2,2020
20200602,Tuesday,23,June,Jun,6,2,2020
20200603,Wednesday,23,June,Jun,6,2,2020
20200604,Thursday,23,June,Jun,6,2,2020
20200605,Friday,23,June,Jun,6,2,2020
20200606,Saturday,23,June,Jun,6,2,2020
20200607,Sunday,24,June,Jun,6,2,2020
20200608,Monday,24,June,Jun,6,2,2020
20200609,Tuesday,24,June,Jun,6,2,2020
20200610,Wednesday,24,June,Jun,6,2,2020
20200611,Thursday,24,June,Jun,6,2,2020
20200612,Friday,24,June,Jun,6,2,2020
20200613,Saturday,24,June,Jun,6,2,2020
20200614,Sunday,25,June,Jun,6,2,2020
20200615,Monday,25,June,Jun,6,2,2020
20200616,Tuesday,25,June,Jun,6,2,2020
20200617,Wednesday,25,June,Jun,6,2,2020
20200618,Thursday,25,June,Jun,6,2,2020
20200619,Friday,25,June,Jun,6,2,2020
20200620,Saturday,25,June,Jun,6,2,2020
20200621,Sunday,26,June,Jun,6,2,2020
20200622,Monday,26,June,Jun,6,2,2020
20200623,Tuesday,26,June,Jun,6,2,2020
20200624,Wednesday,26,June,Jun,6,2,2020
20200625,Thursday,26,June,Jun,6,2,2020
20200626,Friday,26,June,Jun,6,2,2020
20200627,Saturday,26,June,Jun,6,2,2020
20200628,Sunday,27,June,Jun,6,2,2020
20200629,Monday,27,June,Jun,6,2,2020
20200630,Tuesday,27,June,Jun,6,2,2020
20200701,Wednesday,27,July,Jul,7,3,2020
20200702,Thursday,27,July,Jul,7,3,2020
20200703,Friday,27,July,Jul,7,3,2020
20200704,Saturday,27,July,Jul,7,3,2020
20200705,Sunday,28,July,Jul,7,3,2020
20200706,Monday,28,July,Jul,7,3,2020
20200707,Tuesday,28,July,Jul,7,3,2020
20200708,Wednesday,28,July,Jul,7,3,2020
20200709,Thursday,28,July,Jul,7,3,2020
20200710,Friday,28,July,Jul,7,3,2020
20200711,Saturday,28,July,Jul,7,3,2020
20200712,Sunday,29,July,Jul,7,3,2020
20200713,Monday,29,July,Jul,7,3,2020
20200714,Tuesday,29,July,Jul,7,3,2020
20200715,Wednesday,29,July,Jul,7,3,2020
20200716,Thursday,29,July,Jul,7,3,2020
20200717,Friday,29,July,Jul,7,3,2020
20200718,Saturday,29,July,Jul,7,3,2020
20200719,Sunday,30,July,Jul,7,3,2020
20200720,Monday,30,July,Jul,7,3,2020
20200721,Tuesday,30,July,Jul,7,3,2020
20200722,Wednesday,30,July,Jul,7,3,2020
20200723,Thursday,30,July,Jul,7,3,2020
20200724,Friday,30,July,Jul,7,3,2020
20200725,Saturday,30,July,Jul,7,3,2020
20200726,Sunday,31,July,Jul,7,3,2020
20200727,Monday,31,July,Jul,7,3,2020
20200728,Tuesday,31,July,Jul,7,3,2020
20200729,Wednesday,31,July,Jul,7,3,2020
20200730,Thursday,31,July,Jul,7,3,2020
20200731,Friday,31,July,Jul,7,3,2020
20200801,Saturday,31,August,Aug,8,3,2020
20200802,Sunday,32,August,Aug,8,3,2020
20200803,Monday,32,August,Aug,8,3,2020
20200804,Tuesday,32,August,Aug,8,3,2020
20200805,Wednesday,32,August,Aug,8,3,2020
20200806,Thursday,32,August,Aug,8,3,2020
20200807,Friday,32,August,Aug,8,3,2020
20200808,Saturday,32,August,Aug,8,3,2020
20200809,Sunday,33,August,Aug,8,3,2020
20200810,Monday,33,August,Aug,8,3,2020
20200811,Tuesday,33,August,Aug,8,3,2020
20200812,Wednesday,33,August,Aug,8,3,2020
20200813,Thursday,33,August,Aug,8,3,2020
20200814,Friday,33,August,Aug,8,3,2020
20200815,Saturday,33,August,Aug,8,3,2020
20200816,Sunday,34,August,Aug,8,3,2020
20200817,Monday,34,August,Aug,8,3,2020
20200818,Tuesday,34,August,Aug,8,3,2020
20200819,Wednesday,34,August,Aug,8,3,2020
20200820,Thursday,34,August,Aug,8,3,2020
20200821,Friday,34,August,Aug,8,3,2020
20200822,Saturday,34,August,Aug,8,3,2020
20200823,Sunday,35,August,Aug,8,3,2020
20200824,Monday,35,August,Aug,8,3,2020
20200825,Tuesday,35,August,Aug,8,3,2020
20200826,Wednesday,35,August,Aug,8,3,2020
20200827,Thursday,35,August,Aug,8,3,2020
20200828,Friday,35,August,Aug,8,3,2020
20200829,Saturday,35,August,Aug,8,3,2020
20200830,Sunday,36,August,Aug,8,3,2020
20200831,Monday,36,August,Aug,8,3,2020
20200901,Tuesday,36,September,Sep,9,3,2020
20200902,Wednesday,36,September,Sep,9,3,2020
20200903,Thursday,36,September,Sep,9,3,2020
20200904,Friday,36,September,Sep,9,3,2020
20200905,Saturday,36,September,Sep,9,3,2020
20200906,Sunday,37,September,Sep,9,3,2020
20200907,Monday,37,September,Sep,9,3,2020
20200908,Tuesday,37,September,Sep,9,3,2020
20200909,Wednesday,37,September,Sep,9,3,2020
20200910,Thursday,37,September,Sep,9,3,2020
20200911,Friday,37,September,Sep,9,3,2020
20200912,Saturday,37,September,Sep,9,3,2020
20200913,Sunday,38,September,Sep,9,3,2020
20200914,Monday,38,September,Sep,9,3,2020
20200915,Tuesday,38,September,Sep,9,3,2020
20200916,Wednesday,38,September,Sep,9,3,2020
20200917,Thursday,38,September,Sep,9,3,2020
20200918,Friday,38,September,Sep,9,3,2020
20200919,Saturday,38,September,Sep,9,3,2020
20200920,Sunday,39,September,Sep,9,3,2020
20200921,Monday,39,September,Sep,9,3,2020
20200922,Tuesday,39,September,Sep,9,3,2020
20200923,Wednesday,39,September,Sep,9,3,2020
20200924,Thursday,39,September,Sep,9,3,2020
20200925,Friday,39,September,Sep,9,3,2020
20200926,Saturday,39,September,Sep,9,3,2020
20200927,Sunday,40,September,Sep,9,3,2020
20200928,Monday,40,September,Sep,9,3,2020
20200929,Tuesday,40,September,Sep,9,3,2020
20200930,Wednesday,40,September,Sep,9,3,2020
20201001,Thursday,40,October,Oct,10,4,2020
20201002,Friday,40,October,Oct,10,4,2020
20201003,Saturday,40,October,Oct,10,4,2020
20201004,Sunday,41,October,Oct,10,4,2020
20201005,Monday,41,October,Oct,10,4,2020
20201006,Tuesday,41,October,Oct,10,4,2020
20201007,Wednesday,41,October,Oct,10,4,2020
20201008,Thursday,41,October,Oct,10,4,2020
20201009,Friday,41,October,Oct,10,4,2020
20201010,Saturday,41,October,Oct,10,4,2020
20201011,Sunday,42,October,Oct,10,4,2020
20201012,Monday,42,October,Oct,10,4,2020
20201013,Tuesday,42,October,Oct,10,4,2020
20201014,Wednesday,42,October,Oct,10,4,2020
20201015,Thursday,42,October,Oct,10,4,2020
20201016,Friday,42,October,Oct,10,4,2020
20201017,Saturday,42,October,Oct,10,4,2020
20201018,Sunday,43,October,Oct,10,4,2020
20201019,Monday,43,October,Oct,10,4,2020
20201020,Tuesday,43,October,Oct,10,4,2020
20201021,Wednesday,43,October,Oct,10,4,2020
20201022,Thursday,43,October,Oct,10,4,2020
20201023,Friday,43,October,Oct,10,4,2020
20201024,Saturday,43,October,Oct,10,4,2020
20201025,Sunday,44,October,Oct,10,4,2020
20201026,Monday,44,October,Oct,10,4,2020
20201027,Tuesday,44,October,Oct,10,4,2020
20201028,Wednesday,44,October,Oct,10,4,2020
20201029,Thursday,44,October,Oct,10,4,2020
20201030,Friday,44,October,Oct,10,4,2020
20201031,Saturday,44,October,Oct,10,4,2020
20201101,Sunday,45,November,Nov,11,4,2020
20201102,Monday,45,November,Nov,11,4,2020
20201103,Tuesday,45,November,Nov,11,4,2020
20201104,Wednesday,45,November,Nov,11,4,2020
20201105,Thursday,45,November,Nov,11,4,2020
20201106,Friday,45,November,Nov,11,4,2020
20201107,Saturday,45,November,Nov,11,4,2020
20201108,Sunday,46,November,Nov,11,4,2020
20201109,Monday,46,November,Nov,11,4,2020
20201110,Tuesday,46,November,Nov,11,4,2020
20201111,Wednesday,46,November,Nov,11,4,2020
20201112,Thursday,46,November,Nov,11,4,2020
20201113,Friday,46,November,Nov,11,4,2020
20201114,Saturday,46,November,Nov,11,4,2020
20201115,Sunday,47,November,Nov,11,4,2020
20201116,Monday,47,November,Nov,11,4,2020
20201117,Tuesday,47,November,Nov,11,4,2020
20201118,Wednesday,47,November,Nov,11,4,2020
20201119,Thursday,47,November,Nov,11,4,2020
20201120,Friday,47,November,Nov,11,4,2020
20201121,Saturday,47,November,Nov,11,4,2020
20201122,Sunday,48,November,Nov,11,4,2020
20201123,Monday,48,November,Nov,11,4,2020
20201124,Tuesday,48,November,Nov,11,4,2020
20201125,Wednesday,48,November,Nov,11,4,2020
20201126,Thursday,48,November,Nov,11,4,2020
20201127,Friday,48,November,Nov,11,4,2020
20201128,Saturday,48,November,Nov,11,4,2020
20201129,Sunday,49,November,Nov,11,4,2020
20201130,Monday,49,November,Nov,11,4,2020
20201201,Tuesday,49,December,Dec,12,4,2020
20201202,Wednesday,49,December,Dec,12,4,2020
20201203,Thursday,49,December,Dec,12,4,2020
20201204,Friday,49,December,Dec,12,4,2020
20201205,Saturday,49,December,Dec,12,4,2020
20201206,Sunday,50,December,Dec,12,4,2020
20201207,Monday,50,December,Dec,12,4,2020
20201208,Tuesday,50,December,Dec,12,4,2020
20201209,Wednesday,50,December,Dec,12,4,2020
20201210,Thursday,50,December,Dec,12,4,2020
20201211,Friday,50,December,Dec,12,4,2020
20201212,Saturday,50,December,Dec,12,4,2020
20201213,Sunday,51,December,Dec,12,4,2020
20201214,Monday,51,December,Dec,12,4,2020
20201215,Tuesday,51,December,Dec,12,4,2020
20201216,Wednesday,51,December,Dec,12,4,2020
20201217,Thursday,51,December,Dec,12,4,2020
20201218,Friday,51,December,Dec,12,4,2020
20201219,Saturday,51,December,Dec,12,4,2020
20201220,Sunday,52,December,Dec,12,4,2020
20201221,Monday,52,December,Dec,12,4,2020
20201222,Tuesday,52,December,Dec,12,4,2020
20201223,Wednesday,52,December,Dec,12,4,2020
20201224,Thursday,52,December,Dec,12,4,2020
20201225,Friday,52,December,Dec,12,4,2020
20201226,Saturday,52,December,Dec,12,4,2020
20201227,Sunday,53,December,Dec,12,4,2020
20201228,Monday,53,December,Dec,12,4,2020
20201229,Tuesday,53,December,Dec,12,4,2020
20201230,Wednesday,53,December,Dec,12,4,2020
20201231,Thursday,53,December,Dec,12,4,2020
20210101,Friday,1,January,Jan,1,1,2021
20210102,Saturday,1,January,Jan,1,1,2021
20210103,Sunday,2,January,Jan,1,1,2021
20210104,Monday,2,January,Jan,1,1,2021
20210105,Tuesday,2,January,Jan,1,1,2021
20210106,Wednesday,2,January,Jan,1,1,2021
20210107,Thursday,2,January,Jan,1,1,2021
20210108,Friday,2,January,Jan,1,1,2021
20210109,Saturday,2,January,Jan,1,1,2021
20210110,Sunday,3,January,Jan,1,1,2021
20210111,Monday,3,January,Jan,1,1,2021
20210112,Tuesday,3,January,Jan,1,1,2021
20210113,Wednesday,3,January,Jan,1,1,2021
20210114,Thursday,3,January,Jan,1,1,2021
20210115,Friday,3,January,Jan,1,1,2021
20210116,Saturday,3,January,Jan,1,1,2021
20210117,Sunday,4,January,Jan,1,1,2021
20210118,Monday,4,January,Jan,1,1,2021
20210119,Tuesday,4,January,Jan,1,1,2021
20210120,Wednesday,4,January,Jan,1,1,2021
20210121,Thursday,4,January,Jan,1,1,2021
20210122,Friday,4,January,Jan,1,1,2021
20210123,Saturday,4,January,Jan,1,1,2021
20210124,Sunday,5,January,Jan,1,1,2021
20210125,Monday,5,January,Jan,1,1,2021
20210126,Tuesday,5,January,Jan,1,1,2021
20210127,Wednesday,5,January,Jan,1,1,2021
20210128,Thursday,5,January,Jan,1,1,2021
20210129,Friday,5,January,Jan,1,1,2021
20210130,Saturday,5,January,Jan,1,1,2021
20210131,Sunday,6,January,Jan,1,1,2021
20210201,Monday,6,February,Feb,2,1,2021
20210202,Tuesday,6,February,Feb,2,1,2021
20210203,Wednesday,6,February,Feb,2,1,2021
20210204,Thursday,6,February,Feb,2,1,2021
20210205,Friday,6,February,Feb,2,1,2021
20210206,Saturday,6,February,Feb,2,1,2021
20210207,Sunday,7,February,Feb,2,1,2021
20210208,Monday,7,February,Feb,2,1,2021
20210209,Tuesday,7,February,Feb,2,1,2021
20210210,Wednesday,7,February,Feb,2,1,2021
20210211,Thursday,7,February,Feb,2,1,2021
20210212,Friday,7,February,Feb,2,1,2021
20210213,Saturday,7,February,Feb,2,1,2021
20210214,Sunday,8,February,Feb,2,1,2021
20210215,Monday,8,February,Feb,2,1,2021
20210216,Tuesday,8,February,Feb,2,1,2021
20210217,Wednesday,8,February,Feb,2,1,2021
20210218,Thursday,8,February,Feb,2,1,2021
20210219,Friday,8,February,Feb,2,1,2021
20210220,Saturday,8,February,Feb,2,1,2021
20210221,Sunday,9,February,Feb,2,1,2021
20210222,Monday,9,February,Feb,2,1,2021
20210223,Tuesday,9,February,Feb,2,1,2021
20210224,Wednesday,9,February,Feb,2,1,2021
20210225,Thursday,9,February,Feb,2,1,2021
20210226,Friday,9,February,Feb,2,1,2021
20210227,Saturday,9,February,Feb,2,1,2021
20210228,Sunday,10,February,Feb,2,1,2021
20210301,Monday,10,March,Mar,3,1,2021
20210302,Tuesday,10,March,Mar,3,1,2021
20210303,Wednesday,10,March,Mar,3,1,2021
20210304,Thursday,10,March,Mar,3,1,2021
20210305,Friday,10,March,Mar,3,1,2021
20210306,Saturday,10,March,Mar,3,1,2021
20210307,Sunday,11,March,Mar,3,1,2021
20210308,Monday,11,March,Mar,3,1,2021
20210309,Tuesday,11,March,Mar,3,1,2021
20210310,Wednesday,11,March,Mar,3,1,2021
20210311,Thursday,11,March,Mar,3,1,2021
20210312,Friday,11,March,Mar,3,1,2021
20210313,Saturday,11,March,Mar,3,1,2021
20210314,Sunday,12,March,Mar,3,1,2021
20210315,Monday,12,March,Mar,3,1,2021
20210316,Tuesday,12,March,Mar,3,1,2021
20210317,Wednesday,12,March,Mar,3,1,2021
20210318,Thursday,12,March,Mar,3,1,2021
20210319,Friday,12,March,Mar,3,1,2021
20210320,Saturday,12,March,Mar,3,1,2021
20210321,Sunday,13,March,Mar,3,1,2021
20210322,Monday,13,March,Mar,3,1,2021
20210323,Tuesday,13,March,Mar,3,1,2021
20210324,Wednesday,13,March,Mar,3,1,2021
20210325,Thursday,13,March,Mar,3,1,2021
20210326,Friday,13,March,Mar,3,1,2021
20210327,Saturday,13,March,Mar,3,1,2021
20210328,Sunday,14,March,Mar,3,1,2021
20210329,Monday,14,March,Mar,3,1,2021
20210330,Tuesday,14,March,Mar,3,1,2021
20210331,Wednesday,14,March,Mar,3,1,2021
20210401,Thursday,14,April,Apr,4,2,2021
20210402,Friday,14,April,Apr,4,2,2021
20210403,Saturday,14,April,Apr,4,2,2021
20210404,Sunday,15,April,Apr,4,2,2021
20210405,Monday,15,April,Apr,4,2,2021
20210406,Tuesday,15,April,Apr,4,2,2021
20210407,Wednesday,15,April,Apr,4,2,2021
20210408,Thursday,15,April,Apr,4,2,2021
20210409,Friday,15,April,Apr,4,2,2021
20210410,Saturday,15,April,Apr,4,2,2021
20210411,Sunday,16,April,Apr,4,2,2021
20210412,Monday,16,April,Apr,4,2,2021
20210413,Tuesday,16,April,Apr,4,2,2021
20210414,Wednesday,16,April,Apr,4,2,2021
20210415,Thursday,16,April,Apr,4,2,2021
20210416,Friday,16,April,Apr,4,2,2021
20210417,Saturday,16,April,Apr,4,2,2021
20210418,Sunday,17,April,Apr,4,2,2021
20210419,Monday,17,April,Apr,4,2,2021
20210420,Tuesday,17,April,Apr,4,2,2021
20210421,Wednesday,17,April,Apr,4,2,2021
20210422,Thursday,17,April,Apr,4,2,2021
20210423,Friday,17,April,Apr,4,2,2021
20210424,Saturday,17,April,Apr,4,2,2021
20210425,Sunday,18,April,Apr,4,2,2021
20210426,Monday,18,April,Apr,4,2,2021
20210427,Tuesday,18,April,Apr,4,2,2021
20210428,Wednesday,18,April,Apr,4,2,2021
20210429,Thursday,18,April,Apr,4,2,2021
20210430,Friday,18,April,Apr,4,2,2021
20210501,Saturday,18,May,May,5,2,2021
20210502,Sunday,19,May,May,5,2,2021
20210503,Monday,19,May,May,5,2,2021
20210504,Tuesday,19,May,May,5,2,2021
20210505,Wednesday,19,May,May,5,2,2021
20210506,Thursday,19,May,May,5,2,2021
20210507,Friday,19,May,May,5,2,2021
20210508,Saturday,19,May,May,5,2,2021
20210509,Sunday,20,May,May,5,2,2021
20210510,Monday,20,May,May,5,2,2021
20210511,Tuesday,20,May,May,5,2,2021
20210512,Wednesday,20,May,May,5,2,2021
20210513,Thursday,20,May,May,5,2,2021
20210514,Friday,20,May,May,5,2,2021
20210515,Saturday,20,May,May,5,2,2021
20210516,Sunday,21,May,May,5,2,2021
20210517,Monday,21,May,May,5,2,2021
20210518,Tuesday,21,May,May,5,2,2021
20210519,Wednesday,21,May,May,5,2,2021
20210520,Thursday,21,May,May,5,2,2021
20210521,Friday,21,May,May,5,2,2021
20210522,Saturday,21,May,May,5,2,2021
20210523,Sunday,22,May,May,5,2,2021
20210524,Monday,22,May,May,5,2,2021
20210525,Tuesday,22,May,May,5,2,2021
20210526,Wednesday,22,May,May,5,2,2021
20210527,Thursday,22,May,May,5,2,2021
20210528,Friday,22,May,May,5,2,2021
20210529,Saturday,22,May,May,5,2,2021
20210530,Sunday,23,May,May,5,2,2021
20210531,Monday,23,May,May,5,2,2021
20210601,Tuesday,23,June,Jun,6,2,2021
20210602,Wednesday,23,June,Jun,6,2,2021
20210603,Thursday,23,June,Jun,6,2,2021
20210604,Friday,23,June,Jun,6,2,2021
20210605,Saturday,23,June,Jun,6,2,2021
20210606,Sunday,24,June,Jun,6,2,2021
20210607,Monday,24,June,Jun,6,2,2021
20210608,Tuesday,24,June,Jun,6,2,2021
20210609,Wednesday,24,June,Jun,6,2,2021
20210610,Thursday,24,June,Jun,6,2,2021
20210611,Friday,24,June,Jun,6,2,2021
20210612,Saturday,24,June,Jun,6,2,2021
20210613,Sunday,25,June,Jun,6,2,2021
20210614,Monday,25,June,Jun,6,2,2021
20210615,Tuesday,25,June,Jun,6,2,2021
20210616,Wednesday,25,June,Jun,6,2,2021
20210617,Thursday,25,June,Jun,6,2,2021
20210618,Friday,25,June,Jun,6,2,2021
20210619,Saturday,25,June,Jun,6,2,2021
20210620,Sunday,26,June,Jun,6,2,2021
20210621,Monday,26,June,Jun,6,2,2021
20210622,Tuesday,26,June,Jun,6,2,2021
20210623,Wednesday,26,June,Jun,6,2,2021
20210624,Thursday,26,June,Jun,6,2,2021
20210625,Friday,26,June,Jun,6,2,2021
20210626,Saturday,26,June,Jun,6,2,2021
20210627,Sunday,27,June,Jun,6,2,2021
20210628,Monday,27,June,Jun,6,2,2021
20210629,Tuesday,27,June,Jun,6,2,2021
20210630,Wednesday,27,June,Jun,6,2,2021
20210701,Thursday,27,July,Jul,7,3,2021
20210702,Friday,27,July,Jul,7,3,2021
20210703,Saturday,27,July,Jul,7,3,2021
20210704,Sunday,28,July,Jul,7,3,2021
20210705,Monday,28,July,Jul,7,3,2021
20210706,Tuesday,28,July,Jul,7,3,2021
20210707,Wednesday,28,July,Jul,7,3,2021
20210708,Thursday,28,July,Jul,7,3,2021
20210709,Friday,28,July,Jul,7,3,2021
20210710,Saturday,28,July,Jul,7,3,2021
20210711,Sunday,29,July,Jul,7,3,2021
20210712,Monday,29,July,Jul,7,3,2021
20210713,Tuesday,29,July,Jul,7,3,2021
20210714,Wednesday,29,July,Jul,7,3,2021
20210715,Thursday,29,July,Jul,7,3,2021
20210716,Friday,29,July,Jul,7,3,2021
20210717,Saturday,29,July,Jul,7,3,2021
20210718,Sunday,30,July,Jul,7,3,2021
20210719,Monday,30,July,Jul,7,3,2021
20210720,Tuesday,30,July,Jul,7,3,2021
20210721,Wednesday,30,July,Jul,7,3,2021
20210722,Thursday,30,July,Jul,7,3,2021
20210723,Friday,30,July,Jul,7,3,2021
20210724,Saturday,30,July,Jul,7,3,2021
20210725,Sunday,31,July,Jul,7,3,2021
20210726,Monday,31,July,Jul,7,3,2021
20210727,Tuesday,31,July,Jul,7,3,2021
20210728,Wednesday,31,July,Jul,7,3,2021
20210729,Thursday,31,July,Jul,7,3,2021
20210730,Friday,31,July,Jul,7,3,2021
20210731,Saturday,31,July,Jul,7,3,2021
20210801,Sunday,32,August,Aug,8,3,2021
20210802,Monday,32,August,Aug,8,3,2021
20210803,Tuesday,32,August,Aug,8,3,2021
20210804,Wednesday,32,August,Aug,8,3,2021
20210805,Thursday,32,August,Aug,8,3,2021
20210806,Friday,32,August,Aug,8,3,2021
20210807,Saturday,32,August,Aug,8,3,2021
20210808,Sunday,33,August,Aug,8,3,2021
20210809,Monday,33,August,Aug,8,3,2021
20210810,Tuesday,33,August,Aug,8,3,2021
20210811,Wednesday,33,August,Aug,8,3,2021
20210812,Thursday,33,August,Aug,8,3,2021
20210813,Friday,33,August,Aug,8,3,2021
20210814,Saturday,33,August,Aug,8,3,2021
20210815,Sunday,34,August,Aug,8,3,2021
20210816,Monday,34,August,Aug,8,3,2021
20210817,Tuesday,34,August,Aug,8,3,2021
20210818,Wednesday,34,August,Aug,8,3,2021
20210819,Thursday,34,August,Aug,8,3,2021
20210820,Friday,34,August,Aug,8,3,2021
20210821,Saturday,34,August,Aug,8,3,2021
20210822,Sunday,35,August,Aug,8,3,2021
20210823,Monday,35,August,Aug,8,3,2021
20210824,Tuesday,35,August,Aug,8,3,2021
20210825,Wednesday,35,August,Aug,8,3,2021
20210826,Thursday,35,August,Aug,8,3,2021
20210827,Friday,35,August,Aug,8,3,2021
20210828,Saturday,35,August,Aug,8,3,2021
20210829,Sunday,36,August,Aug,8,3,2021
20210830,Monday,36,August,Aug,8,3,2021
20210831,Tuesday,36,August,Aug,8,3,2021
20210901,Wednesday,36,September,Sep,9,3,2021
20210902,Thursday,36,September,Sep,9,3,2021
20210903,Friday,36,September,Sep,9,3,2021
20210904,Saturday,36,September,Sep,9,3,2021
20210905,Sunday,37,September,Sep,9,3,2021
20210906,Monday,37,September,Sep,9,3,2021
20210907,Tuesday,37,September,Sep,9,3,2021
20210908,Wednesday,37,September,Sep,9,3,2021
20210909,Thursday,37,September,Sep,9,3,2021
20210910,Friday,37,September,Sep,9,3,2021
20210911,Saturday,37,September,Sep,9,3,2021
20210912,Sunday,38,September,Sep,9,3,2021
20210913,Monday,38,September,Sep,9,3,2021
20210914,Tuesday,38,September,Sep,9,3,2021
20210915,Wednesday,38,September,Sep,9,3,2021
20210916,Thursday,38,September,Sep,9,3,2021
20210917,Friday,38,September,Sep,9,3,2021
20210918,Saturday,38,September,Sep,9,3,2021
20210919,Sunday,39,September,Sep,9,3,2021
20210920,Monday,39,September,Sep,9,3,2021
20210921,Tuesday,39,September,Sep,9,3,2021
20210922,Wednesday,39,September,Sep,9,3,2021
20210923,Thursday,39,September,Sep,9,3,2021
20210924,Friday,39,September,Sep,9,3,2021
20210925,Saturday,39,September,Sep,9,3,2021
20210926,Sunday,40,September,Sep,9,3,2021
20210927,Monday,40,September,Sep,9,3,2021
20210928,Tuesday,40,September,Sep,9,3,2021
20210929,Wednesday,40,September,Sep,9,3,2021
20210930,Thursday,40,September,Sep,9,3,2021
20211001,Friday,40,October,Oct,10,4,2021
20211002,Saturday,40,October,Oct,10,4,2021
20211003,Sunday,41,October,Oct,10,4,2021
20211004,Monday,41,October,Oct,10,4,2021
20211005,Tuesday,41,October,Oct,10,4,2021
20211006,Wednesday,41,October,Oct,10,4,2021
20211007,Thursday,41,October,Oct,10,4,2021
20211008,Friday,41,October,Oct,10,4,2021
20211009,Saturday,41,October,Oct,10,4,2021
20211010,Sunday,42,October,Oct,10,4,2021
20211011,Monday,42,October,Oct,10,4,2021
20211012,Tuesday,42,October,Oct,10,4,2021
20211013,Wednesday,42,October,Oct,10,4,2021
20211014,Thursday,42,October,Oct,10,4,2021
20211015,Friday,42,October,Oct,10,4,2021
20211016,Saturday,42,October,Oct,10,4,2021
20211017,Sunday,43,October,Oct,10,4,2021
20211018,Monday,43,October,Oct,10,4,2021
20211019,Tuesday,43,October,Oct,10,4,2021
20211020,Wednesday,43,October,Oct,10,4,2021
20211021,Thursday,43,October,Oct,10,4,2021
20211022,Friday,43,October,Oct,10,4,2021
20211023,Saturday,43,October,Oct,10,4,2021
20211024,Sunday,44,October,Oct,10,4,2021
20211025,Monday,44,October,Oct,10,4,2021
20211026,Tuesday,44,October,Oct,10,4,2021
20211027,Wednesday,44,October,Oct,10,4,2021
20211028,Thursday,44,October,Oct,10,4,2021
20211029,Friday,44,October,Oct,10,4,2021
20211030,Saturday,44,October,Oct,10,4,2021
20211031,Sunday,45,October,Oct,10,4,2021
20211101,Monday,45,November,Nov,11,4,2021
20211102,Tuesday,45,November,Nov,11,4,2021
20211103,Wednesday,45,November,Nov,11,4,2021
20211104,Thursday,45,November,Nov,11,4,2021
20211105,Friday,45,November,Nov,11,4,2021
20211106,Saturday,45,November,Nov,11,4,2021
20211107,Sunday,46,November,Nov,11,4,2021
20211108,Monday,46,November,Nov,11,4,2021
20211109,Tuesday,46,November,Nov,11,4,2021
20211110,Wednesday,46,November,Nov,11,4,2021
20211111,Thursday,46,November,Nov,11,4,2021
20211112,Friday,46,November,Nov,11,4,2021
20211113,Saturday,46,November,Nov,11,4,2021
20211114,Sunday,47,November,Nov,11,4,2021
20211115,Monday,47,November,Nov,11,4,2021
20211116,Tuesday,47,November,Nov,11,4,2021
20211117,Wednesday,47,November,Nov,11,4,2021
20211118,Thursday,47,November,Nov,11,4,2021
20211119,Friday,47,November,Nov,11,4,2021
20211120,Saturday,47,November,Nov,11,4,2021
20211121,Sunday,48,November,Nov,11,4,2021
20211122,Monday,48,November,Nov,11,4,2021
20211123,Tuesday,48,November,Nov,11,4,2021
20211124,Wednesday,48,November,Nov,11,4,2021
20211125,Thursday,48,November,Nov,11,4,2021
20211126,Friday,48,November,Nov,11,4,2021
20211127,Saturday,48,November,Nov,11,4,2021
20211128,Sunday,49,November,Nov,11,4,2021
20211129,Monday,49,November,Nov,11,4,2021
20211130,Tuesday,49,November,Nov,11,4,2021
20211201,Wednesday,49,December,Dec,12,4,2021
20211202,Thursday,49,December,Dec,12,4,2021
20211203,Friday,49,December,Dec,12,4,2021
20211204,Saturday,49,December,Dec,12,4,2021
20211205,Sunday,50,December,Dec,12,4,2021
20211206,Monday,50,December,Dec,12,4,2021
20211207,Tuesday,50,December,Dec,12,4,2021
20211208,Wednesday,50,December,Dec,12,4,2021
20211209,Thursday,50,December,Dec,12,4,2021
20211210,Friday,50,December,Dec,12,4,2021
20211211,Saturday,50,December,Dec,12,4,2021
20211212,Sunday,51,December,Dec,12,4,2021
20211213,Monday,51,December,Dec,12,4,2021
20211214,Tuesday,51,December,Dec,12,4,2021
20211215,Wednesday,51,December,Dec,12,4,2021
20211216,Thursday,51,December,Dec,12,4,2021
20211217,Friday,51,December,Dec,12,4,2021
20211218,Saturday,51,December,Dec,12,4,2021
20211219,Sunday,52,December,Dec,12,4,2021
20211220,Monday,52,December,Dec,12,4,2021
20211221,Tuesday,52,December,Dec,12,4,2021
20211222,Wednesday,52,December,Dec,12,4,2021
20211223,Thursday,52,December,Dec,12,4,2021
20211224,Friday,52,December,Dec,12,4,2021
20211225,Saturday,52,December,Dec,12,4,2021
20211226,Sunday,53,December,Dec,12,4,2021
20211227,Monday,53,December,Dec,12,4,2021
20211228,Tuesday,53,December,Dec,12,4,2021
20211229,Wednesday,53,December,Dec,12,4,2021
20211230,Thursday,53,December,Dec,12,4,2021
20211231,Friday,53,December,Dec,12,4,2021
20220101,Saturday,1,January,Jan,1,1,2022
20220102,Sunday,2,January,Jan,1,1,2022
20220103,Monday,2,January,Jan,1,1,2022
20220104,Tuesday,2,January,Jan,1,1,2022
20220105,Wednesday,2,January,Jan,1,1,2022
20220106,Thursday,2,January,Jan,1,1,2022
20220107,Friday,2,January,Jan,1,1,2022
20220108,Saturday,2,January,Jan,1,1,2022
20220109,Sunday,3,January,Jan,1,1,2022
20220110,Monday,3,January,Jan,1,1,2022
20220111,Tuesday,3,January,Jan,1,1,2022
20220112,Wednesday,3,January,Jan,1,1,2022
20220113,Thursday,3,January,Jan,1,1,2022
20220114,Friday,3,January,Jan,1,1,2022
20220115,Saturday,3,January,Jan,1,1,2022
20220116,Sunday,4,January,Jan,1,1,2022
20220117,Monday,4,January,Jan,1,1,2022
20220118,Tuesday,4,January,Jan,1,1,2022
20220119,Wednesday,4,January,Jan,1,1,2022
20220120,Thursday,4,January,Jan,1,1,2022
20220121,Friday,4,January,Jan,1,1,2022
20220122,Saturday,4,January,Jan,1,1,2022
20220123,Sunday,5,January,Jan,1,1,2022
20220124,Monday,5,January,Jan,1,1,2022
20220125,Tuesday,5,January,Jan,1,1,2022
20220126,Wednesday,5,January,Jan,1,1,2022
20220127,Thursday,5,January,Jan,1,1,2022
20220128,Friday,5,January,Jan,1,1,2022
20220129,Saturday,5,January,Jan,1,1,2022
20220130,Sunday,6,January,Jan,1,1,2022
20220131,Monday,6,January,Jan,1,1,2022
20220201,Tuesday,6,February,Feb,2,1,2022
20220202,Wednesday,6,February,Feb,2,1,2022
20220203,Thursday,6,February,Feb,2,1,2022
20220204,Friday,6,February,Feb,2,1,2022
20220205,Saturday,6,February,Feb,2,1,2022
20220206,Sunday,7,February,Feb,2,1,2022
20220207,Monday,7,February,Feb,2,1,2022
20220208,Tuesday,7,February,Feb,2,1,2022
20220209,Wednesday,7,February,Feb,2,1,2022
20220210,Thursday,7,February,Feb,2,1,2022
20220211,Friday,7,February,Feb,2,1,2022
20220212,Saturday,7,February,Feb,2,1,2022
20220213,Sunday,8,February,Feb,2,1,2022
20220214,Monday,8,February,Feb,2,1,2022
20220215,Tuesday,8,February,Feb,2,1,2022
20220216,Wednesday,8,February,Feb,2,1,2022
20220217,Thursday,8,February,Feb,2,1,2022
20220218,Friday,8,February,Feb,2,1,2022
20220219,Saturday,8,February,Feb,2,1,2022
20220220,Sunday,9,February,Feb,2,1,2022
20220221,Monday,9,February,Feb,2,1,2022
20220222,Tuesday,9,February,Feb,2,1,2022
20220223,Wednesday,9,February,Feb,2,1,2022
20220224,Thursday,9,February,Feb,2,1,2022
20220225,Friday,9,February,Feb,2,1,2022
20220226,Saturday,9,February,Feb,2,1,2022
20220227,Sunday,10,February,Feb,2,1,2022
20220228,Monday,10,February,Feb,2,1,2022
20220301,Tuesday,10,March,Mar,3,1,2022
20220302,Wednesday,10,March,Mar,3,1,2022
20220303,Thursday,10,March,Mar,3,1,2022
20220304,Friday,10,March,Mar,3,1,2022
20220305,Saturday,10,March,Mar,3,1,2022
20220306,Sunday,11,March,Mar,3,1,2022
20220307,Monday,11,March,Mar,3,1,2022
20220308,Tuesday,11,March,Mar,3,1,2022
20220309,Wednesday,11,March,Mar,3,1,2022
20220310,Thursday,11,March,Mar,3,1,2022
20220311,Friday,11,March,Mar,3,1,2022
20220312,Saturday,11,March,Mar,3,1,2022
20220313,Sunday,12,March,Mar,3,1,2022
20220314,Monday,12,March,Mar,3,1,2022
20220315,Tuesday,12,March,Mar,3,1,2022
20220316,Wednesday,12,March,Mar,3,1,2022
20220317,Thursday,12,March,Mar,3,1,2022
20220318,Friday,12,March,Mar,3,1,2022
20220319,Saturday,12,March,Mar,3,1,2022
20220320,Sunday,13,March,Mar,3,1,2022
20220321,Monday,13,March,Mar,3,1,2022
20220322,Tuesday,13,March,Mar,3,1,2022
20220323,Wednesday,13,March,Mar,3,1,2022
20220324,Thursday,13,March,Mar,3,1,2022
20220325,Friday,13,March,Mar,3,1,2022
20220326,Saturday,13,March,Mar,3,1,2022
20220327,Sunday,14,March,Mar,3,1,2022
20220328,Monday,14,March,Mar,3,1,2022
20220329,Tuesday,14,March,Mar,3,1,2022
20220330,Wednesday,14,March,Mar,3,1,2022
20220331,Thursday,14,March,Mar,3,1,2022
20220401,Friday,14,April,Apr,4,2,2022
20220402,Saturday,14,April,Apr,4,2,2022
20220403,Sunday,15,April,Apr,4,2,2022
20220404,Monday,15,April,Apr,4,2,2022
20220405,Tuesday,15,April,Apr,4,2,2022
20220406,Wednesday,15,April,Apr,4,2,2022
20220407,Thursday,15,April,Apr,4,2,2022
20220408,Friday,15,April,Apr,4,2,2022
20220409,Saturday,15,April,Apr,4,2,2022
20220410,Sunday,16,April,Apr,4,2,2022
20220411,Monday,16,April,Apr,4,2,2022
20220412,Tuesday,16,April,Apr,4,2,2022
20220413,Wednesday,16,April,Apr,4,2,2022
20220414,Thursday,16,April,Apr,4,2,2022
20220415,Friday,16,April,Apr,4,2,2022
20220416,Saturday,16,April,Apr,4,2,2022
20220417,Sunday,17,April,Apr,4,2,2022
20220418,Monday,17,April,Apr,4,2,2022
20220419,Tuesday,17,April,Apr,4,2,2022
20220420,Wednesday,17,April,Apr,4,2,2022
20220421,Thursday,17,April,Apr,4,2,2022
20220422,Friday,17,April,Apr,4,2,2022
20220423,Saturday,17,April,Apr,4,2,2022
20220424,Sunday,18,April,Apr,4,2,2022
20220425,Monday,18,April,Apr,4,2,2022
20220426,Tuesday,18,April,Apr,4,2,2022
20220427,Wednesday,18,April,Apr,4,2,2022
20220428,Thursday,18,April,Apr,4,2,2022
20220429,Friday,18,April,Apr,4,2,2022
20220430,Saturday,18,April,Apr,4,2,2022
20220501,Sunday,19,May,May,5,2,2022
20220502,Monday,19,May,May,5,2,2022
20220503,Tuesday,19,May,May,5,2,2022
20220504,Wednesday,19,May,May,5,2,2022
20220505,Thursday,19,May,May,5,2,2022
20220506,Friday,19,May,May,5,2,2022
20220507,Saturday,19,May,May,5,2,2022
20220508,Sunday,20,May,May,5,2,2022
20220509,Monday,20,May,May,5,2,2022
20220510,Tuesday,20,May,May,5,2,2022
20220511,Wednesday,20,May,May,5,2,2022
20220512,Thursday,20,May,May,5,2,2022
20220513,Friday,20,May,May,5,2,2022
20220514,Saturday,20,May,May,5,2,2022
20220515,Sunday,21,May,May,5,2,2022
20220516,Monday,21,May,May,5,2,2022
20220517,Tuesday,21,May,May,5,2,2022
20220518,Wednesday,21,May,May,5,2,2022
20220519,Thursday,21,May,May,5,2,2022
20220520,Friday,21,May,May,5,2,2022
20220521,Saturday,21,May,May,5,2,2022
20220522,Sunday,22,May,May,5,2,2022
20220523,Monday,22,May,May,5,2,2022
20220524,Tuesday,22,May,May,5,2,2022
20220525,Wednesday,22,May,May,5,2,2022
20220526,Thursday,22,May,May,5,2,2022
20220527,Friday,22,May,May,5,2,2022
20220528,Saturday,22,May,May,5,2,2022
20220529,Sunday,23,May,May,5,2,2022
20220530,Monday,23,May,May,5,2,2022
20220531,Tuesday,23,May,May,5,2,2022
20220601,Wednesday,23,June,Jun,6,2,2022
20220602,Thursday,23,June,Jun,6,2,2022
20220603,Friday,23,June,Jun,6,2,2022
20220604,Saturday,23,June,Jun,6,2,2022
20220605,Sunday,24,June,Jun,6,2,2022
20220606,Monday,24,June,Jun,6,2,2022
20220607,Tuesday,24,June,Jun,6,2,2022
20220608,Wednesday,24,June,Jun,6,2,2022
20220609,Thursday,24,June,Jun,6,2,2022
20220610,Friday,24,June,Jun,6,2,2022
20220611,Saturday,24,June,Jun,6,2,2022
20220612,Sunday,25,June,Jun,6,2,2022
20220613,Monday,25,June,Jun,6,2,2022
20220614,Tuesday,25,June,Jun,6,2,2022
20220615,Wednesday,25,June,Jun,6,2,2022
20220616,Thursday,25,June,Jun,6,2,2022
20220617,Friday,25,June,Jun,6,2,2022
20220618,Saturday,25,June,Jun,6,2,2022
20220619,Sunday,26,June,Jun,6,2,2022
20220620,Monday,26,June,Jun,6,2,2022
20220621,Tuesday,26,June,Jun,6,2,2022
20220622,Wednesday,26,June,Jun,6,2,2022
20220623,Thursday,26,June,Jun,6,2,2022
20220624,Friday,26,June,Jun,6,2,2022
20220625,Saturday,26,June,Jun,6,2,2022
20220626,Sunday,27,June,Jun,6,2,2022
20220627,Monday,27,June,Jun,6,2,2022
20220628,Tuesday,27,June,Jun,6,2,2022
20220629,Wednesday,27,June,Jun,6,2,2022
20220630,Thursday,27,June,Jun,6,2,2022
20220701,Friday,27,July,Jul,7,3,2022
20220702,Saturday,27,July,Jul,7,3,2022
20220703,Sunday,28,July,Jul,7,3,2022
20220704,Monday,28,July,Jul,7,3,2022
20220705,Tuesday,28,July,Jul,7,3,2022
20220706,Wednesday,28,July,Jul,7,3,2022
20220707,Thursday,28,July,Jul,7,3,2022
20220708,Friday,28,July,Jul,7,3,2022
20220709,Saturday,28,July,Jul,7,3,2022
20220710,Sunday,29,July,Jul,7,3,2022
20220711,Monday,29,July,Jul,7,3,2022
20220712,Tuesday,29,July,Jul,7,3,2022
20220713,Wednesday,29,July,Jul,7,3,2022
20220714,Thursday,29,July,Jul,7,3,2022
20220715,Friday,29,July,Jul,7,3,2022
20220716,Saturday,29,July,Jul,7,3,2022
20220717,Sunday,30,July,Jul,7,3,2022
20220718,Monday,30,July,Jul,7,3,2022
20220719,Tuesday,30,July,Jul,7,3,2022
20220720,Wednesday,30,July,Jul,7,3,2022
20220721,Thursday,30,July,Jul,7,3,2022
20220722,Friday,30,July,Jul,7,3,2022
20220723,Saturday,30,July,Jul,7,3,2022
20220724,Sunday,31,July,Jul,7,3,2022
20220725,Monday,31,July,Jul,7,3,2022
20220726,Tuesday,31,July,Jul,7,3,2022
20220727,Wednesday,31,July,Jul,7,3,2022
20220728,Thursday,31,July,Jul,7,3,2022
20220729,Friday,31,July,Jul,7,3,2022
20220730,Saturday,31,July,Jul,7,3,2022
20220731,Sunday,32,July,Jul,7,3,2022
20220801,Monday,32,August,Aug,8,3,2022
20220802,Tuesday,32,August,Aug,8,3,2022
20220803,Wednesday,32,August,Aug,8,3,2022
20220804,Thursday,32,August,Aug,8,3,2022
20220805,Friday,32,August,Aug,8,3,2022
20220806,Saturday,32,August,Aug,8,3,2022
20220807,Sunday,33,August,Aug,8,3,2022
20220808,Monday,33,August,Aug,8,3,2022
20220809,Tuesday,33,August,Aug,8,3,2022
20220810,Wednesday,33,August,Aug,8,3,2022
20220811,Thursday,33,August,Aug,8,3,2022
20220812,Friday,33,August,Aug,8,3,2022
20220813,Saturday,33,August,Aug,8,3,2022
20220814,Sunday,34,August,Aug,8,3,2022
20220815,Monday,34,August,Aug,8,3,2022
20220816,Tuesday,34,August,Aug,8,3,2022
20220817,Wednesday,34,August,Aug,8,3,2022
20220818,Thursday,34,August,Aug,8,3,2022
20220819,Friday,34,August,Aug,8,3,2022
20220820,Saturday,34,August,Aug,8,3,2022
20220821,Sunday,35,August,Aug,8,3,2022
20220822,Monday,35,August,Aug,8,3,2022
20220823,Tuesday,35,August,Aug,8,3,2022
20220824,Wednesday,35,August,Aug,8,3,2022
20220825,Thursday,35,August,Aug,8,3,2022
20220826,Friday,35,August,Aug,8,3,2022
20220827,Saturday,35,August,Aug,8,3,2022
20220828,Sunday,36,August,Aug,8,3,2022
20220829,Monday,36,August,Aug,8,3,2022
20220830,Tuesday,36,August,Aug,8,3,2022
20220831,Wednesday,36,August,Aug,8,3,2022
20220901,Thursday,36,September,Sep,9,3,2022
20220902,Friday,36,September,Sep,9,3,2022
20220903,Saturday,36,September,Sep,9,3,2022
20220904,Sunday,37,September,Sep,9,3,2022
20220905,Monday,37,September,Sep,9,3,2022
20220906,Tuesday,37,September,Sep,9,3,2022
20220907,Wednesday,37,September,Sep,9,3,2022
20220908,Thursday,37,September,Sep,9,3,2022
20220909,Friday,37,September,Sep,9,3,2022
20220910,Saturday,37,September,Sep,9,3,2022
20220911,Sunday,38,September,Sep,9,3,2022
20220912,Monday,38,September,Sep,9,3,2022
20220913,Tuesday,38,September,Sep,9,3,2022
20220914,Wednesday,38,September,Sep,9,3,2022
20220915,Thursday,38,September,Sep,9,3,2022
20220916,Friday,38,September,Sep,9,3,2022
20220917,Saturday,38,September,Sep,9,3,2022
20220918,Sunday,39,September,Sep,9,3,2022
20220919,Monday,39,September,Sep,9,3,2022
20220920,Tuesday,39,September,Sep,9,3,2022
20220921,Wednesday,39,September,Sep,9,3,2022
20220922,Thursday,39,September,Sep,9,3,2022
20220923,Friday,39,September,Sep,9,3,2022
20220924,Saturday,39,September,Sep,9,3,2022
20220925,Sunday,40,September,Sep,9,3,2022
20220926,Monday,40,September,Sep,9,3,2022
20220927,Tuesday,40,September,Sep,9,3,2022
20220928,Wednesday,40,September,Sep,9,3,2022
20220929,Thursday,40,September,Sep,9,3,2022
20220930,Friday,40,September,Sep,9,3,2022
20221001,Saturday,40,October,Oct,10,4,2022
20221002,Sunday,41,October,Oct,10,4,2022
20221003,Monday,41,October,Oct,10,4,2022
20221004,Tuesday,41,October,Oct,10,4,2022
20221005,Wednesday,41,October,Oct,10,4,2022
20221006,Thursday,41,October,Oct,10,4,2022
20221007,Friday,41,October,Oct,10,4,2022
20221008,Saturday,41,October,Oct,10,4,2022
20221009,Sunday,42,October,Oct,10,4,2022
20221010,Monday,42,October,Oct,10,4,2022
20221011,Tuesday,42,October,Oct,10,4,2022
20221012,Wednesday,42,October,Oct,10,4,2022
20221013,Thursday,42,October,Oct,10,4,2022
20221014,Friday,42,October,Oct,10,4,2022
20221015,Saturday,42,October,Oct,10,4,2022
20221016,Sunday,43,October,Oct,10,4,2022
20221017,Monday,43,October,Oct,10,4,2022
20221018,Tuesday,43,October,Oct,10,4,2022
20221019,Wednesday,43,October,Oct,10,4,2022
20221020,Thursday,43,October,Oct,10,4,2022
20221021,Friday,43,October,Oct,10,4,2022
20221022,Saturday,43,October,Oct,10,4,2022
20221023,Sunday,44,October,Oct,10,4,2022
20221024,Monday,44,October,Oct,10,4,2022
20221025,Tuesday,44,October,Oct,10,4,2022
20221026,Wednesday,44,October,Oct,10,4,2022
20221027,Thursday,44,October,Oct,10,4,2022
20221028,Friday,44,October,Oct,10,4,2022
20221029,Saturday,44,October,Oct,10,4,2022
20221030,Sunday,45,October,Oct,10,4,2022
20221031,Monday,45,October,Oct,10,4,2022
20221101,Tuesday,45,November,Nov,11,4,2022
20221102,Wednesday,45,November,Nov,11,4,2022
20221103,Thursday,45,November,Nov,11,4,2022
20221104,Friday,45,November,Nov,11,4,2022
20221105,Saturday,45,November,Nov,11,4,2022
20221106,Sunday,46,November,Nov,11,4,2022
20221107,Monday,46,November,Nov,11,4,2022
20221108,Tuesday,46,November,Nov,11,4,2022
20221109,Wednesday,46,November,Nov,11,4,2022
20221110,Thursday,46,November,Nov,11,4,2022
20221111,Friday,46,November,Nov,11,4,2022
20221112,Saturday,46,November,Nov,11,4,2022
20221113,Sunday,47,November,Nov,11,4,2022
20221114,Monday,47,November,Nov,11,4,2022
20221115,Tuesday,47,November,Nov,11,4,2022
20221116,Wednesday,47,November,Nov,11,4,2022
20221117,Thursday,47,November,Nov,11,4,2022
20221118,Friday,47,November,Nov,11,4,2022
20221119,Saturday,47,November,Nov,11,4,2022
20221120,Sunday,48,November,Nov,11,4,2022
20221121,Monday,48,November,Nov,11,4,2022
20221122,Tuesday,48,November,Nov,11,4,2022
20221123,Wednesday,48,November,Nov,11,4,2022
20221124,Thursday,48,November,Nov,11,4,2022
20221125,Friday,48,November,Nov,11,4,2022
20221126,Saturday,48,November,Nov,11,4,2022
20221127,Sunday,49,November,Nov,11,4,2022
20221128,Monday,49,November,Nov,11,4,2022
20221129,Tuesday,49,November,Nov,11,4,2022
20221130,Wednesday,49,November,Nov,11,4,2022
20221201,Thursday,49,December,Dec,12,4,2022
20221202,Friday,49,December,Dec,12,4,2022
20221203,Saturday,49,December,Dec,12,4,2022
20221204,Sunday,50,December,Dec,12,4,2022
20221205,Monday,50,December,Dec,12,4,2022
20221206,Tuesday,50,December,Dec,12,4,2022
20221207,Wednesday,50,December,Dec,12,4,2022
20221208,Thursday,50,December,Dec,12,4,2022
20221209,Friday,50,December,Dec,12,4,2022
20221210,Saturday,50,December,Dec,12,4,2022
20221211,Sunday,51,December,Dec,12,4,2022
20221212,Monday,51,December,Dec,12,4,2022
20221213,Tuesday,51,December,Dec,12,4,2022
20221214,Wednesday,51,December,Dec,12,4,2022
20221215,Thursday,51,December,Dec,12,4,2022
20221216,Friday,51,December,Dec,12,4,2022
20221217,Saturday,51,December,Dec,12,4,2022
20221218,Sunday,52,December,Dec,12,4,2022
20221219,Monday,52,December,Dec,12,4,2022
20221220,Tuesday,52,December,Dec,12,4,2022
20221221,Wednesday,52,December,Dec,12,4,2022
20221222,Thursday,52,December,Dec,12,4,2022
20221223,Friday,52,December,Dec,12,4,2022
20221224,Saturday,52,December,Dec,12,4,2022
20221225,Sunday,53,December,Dec,12,4,2022
20221226,Monday,53,December,Dec,12,4,2022
20221227,Tuesday,53,December,Dec,12,4,2022
20221228,Wednesday,53,December,Dec,12,4,2022
20221229,Thursday,53,December,Dec,12,4,2022
20221230,Friday,53,December,Dec,12,4,2022
20221231,Saturday,53,December,Dec,12,4,2022
20230101,Sunday,1,January,Jan,1,1,2023
20230102,Monday,1,January,Jan,1,1,2023
20230103,Tuesday,1,January,Jan,1,1,2023
20230104,Wednesday,1,January,Jan,1,1,2023
20230105,Thursday,1,January,Jan,1,1,2023
20230106,Friday,1,January,Jan,1,1,2023
20230107,Saturday,1,January,Jan,1,1,2023
20230108,Sunday,2,January,Jan,1,1,2023
20230109,Monday,2,January,Jan,1,1,2023
20230110,Tuesday,2,January,Jan,1,1,2023
20230111,Wednesday,2,January,Jan,1,1,2023
20230112,Thursday,2,January,Jan,1,1,2023
20230113,Friday,2,January,Jan,1,1,2023
20230114,Saturday,2,January,Jan,1,1,2023
20230115,Sunday,3,January,Jan,1,1,2023
20230116,Monday,3,January,Jan,1,1,2023
20230117,Tuesday,3,January,Jan,1,1,2023
20230118,Wednesday,3,January,Jan,1,1,2023
20230119,Thursday,3,January,Jan,1,1,2023
20230120,Friday,3,January,Jan,1,1,2023
20230121,Saturday,3,January,Jan,1,1,2023
20230122,Sunday,4,January,Jan,1,1,2023
20230123,Monday,4,January,Jan,1,1,2023
20230124,Tuesday,4,January,Jan,1,1,2023
20230125,Wednesday,4,January,Jan,1,1,2023
20230126,Thursday,4,January,Jan,1,1,2023
20230127,Friday,4,January,Jan,1,1,2023
20230128,Saturday,4,January,Jan,1,1,2023
20230129,Sunday,5,January,Jan,1,1,2023
20230130,Monday,5,January,Jan,1,1,2023
20230131,Tuesday,5,January,Jan,1,1,2023
20230201,Wednesday,5,February,Feb,2,1,2023
20230202,Thursday,5,February,Feb,2,1,2023
20230203,Friday,5,February,Feb,2,1,2023
20230204,Saturday,5,February,Feb,2,1,2023
20230205,Sunday,6,February,Feb,2,1,2023
20230206,Monday,6,February,Feb,2,1,2023
20230207,Tuesday,6,February,Feb,2,1,2023
20230208,Wednesday,6,February,Feb,2,1,2023
20230209,Thursday,6,February,Feb,2,1,2023
20230210,Friday,6,February,Feb,2,1,2023
20230211,Saturday,6,February,Feb,2,1,2023
20230212,Sunday,7,February,Feb,2,1,2023
20230213,Monday,7,February,Feb,2,1,2023
20230214,Tuesday,7,February,Feb,2,1,2023
20230215,Wednesday,7,February,Feb,2,1,2023
20230216,Thursday,7,February,Feb,2,1,2023
20230217,Friday,7,February,Feb,2,1,2023
20230218,Saturday,7,February,Feb,2,1,2023
20230219,Sunday,8,February,Feb,2,1,2023
20230220,Monday,8,February,Feb,2,1,2023
20230221,Tuesday,8,February,Feb,2,1,2023
20230222,Wednesday,8,February,Feb,2,1,2023
20230223,Thursday,8,February,Feb,2,1,2023
20230224,Friday,8,February,Feb,2,1,2023
20230225,Saturday,8,February,Feb,2,1,2023
20230226,Sunday,9,February,Feb,2,1,2023
20230227,Monday,9,February,Feb,2,1,2023
20230228,Tuesday,9,February,Feb,2,1,2023
20230301,Wednesday,9,March,Mar,3,1,2023
20230302,Thursday,9,March,Mar,3,1,2023
20230303,Friday,9,March,Mar,3,1,2023
20230304,Saturday,9,March,Mar,3,1,2023
20230305,Sunday,10,March,Mar,3,1,2023
20230306,Monday,10,March,Mar,3,1,2023
20230307,Tuesday,10,March,Mar,3,1,2023
20230308,Wednesday,10,March,Mar,3,1,2023
20230309,Thursday,10,March,Mar,3,1,2023
20230310,Friday,10,March,Mar,3,1,2023
20230311,Saturday,10,March,Mar,3,1,2023
20230312,Sunday,11,March,Mar,3,1,2023
20230313,Monday,11,March,Mar,3,1,2023
20230314,Tuesday,11,March,Mar,3,1,2023
20230315,Wednesday,11,March,Mar,3,1,2023
20230316,Thursday,11,March,Mar,3,1,2023
20230317,Friday,11,March,Mar,3,1,2023
20230318,Saturday,11,March,Mar,3,1,2023
20230319,Sunday,12,March,Mar,3,1,2023
20230320,Monday,12,March,Mar,3,1,2023
20230321,Tuesday,12,March,Mar,3,1,2023
20230322,Wednesday,12,March,Mar,3,1,2023
20230323,Thursday,12,March,Mar,3,1,2023
20230324,Friday,12,March,Mar,3,1,2023
20230325,Saturday,12,March,Mar,3,1,2023
20230326,Sunday,13,March,Mar,3,1,2023
20230327,Monday,13,March,Mar,3,1,2023
20230328,Tuesday,13,March,Mar,3,1,2023
20230329,Wednesday,13,March,Mar,3,1,2023
20230330,Thursday,13,March,Mar,3,1,2023
20230331,Friday,13,March,Mar,3,1,2023
20230401,Saturday,13,April,Apr,4,2,2023
20230402,Sunday,14,April,Apr,4,2,2023
20230403,Monday,14,April,Apr,4,2,2023
20230404,Tuesday,14,April,Apr,4,2,2023
20230405,Wednesday,14,April,Apr,4,2,2023
20230406,Thursday,14,April,Apr,4,2,2023
20230407,Friday,14,April,Apr,4,2,2023
20230408,Saturday,14,April,Apr,4,2,2023
20230409,Sunday,15,April,Apr,4,2,2023
20230410,Monday,15,April,Apr,4,2,2023
20230411,Tuesday,15,April,Apr,4,2,2023
20230412,Wednesday,15,April,Apr,4,2,2023
20230413,Thursday,15,April,Apr,4,2,2023
20230414,Friday,15,April,Apr,4,2,2023
20230415,Saturday,15,April,Apr,4,2,2023
20230416,Sunday,16,April,Apr,4,2,2023
20230417,Monday,16,April,Apr,4,2,2023
20230418,Tuesday,16,April,Apr,4,2,2023
20230419,Wednesday,16,April,Apr,4,2,2023
20230420,Thursday,16,April,Apr,4,2,2023
20230421,Friday,16,April,Apr,4,2,2023
20230422,Saturday,16,April,Apr,4,2,2023
20230423,Sunday,17,April,Apr,4,2,2023
20230424,Monday,17,April,Apr,4,2,2023
20230425,Tuesday,17,April,Apr,4,2,2023
20230426,Wednesday,17,April,Apr,4,2,2023
20230427,Thursday,17,April,Apr,4,2,2023
20230428,Friday,17,April,Apr,4,2,2023
20230429,Saturday,17,April,Apr,4,2,2023
20230430,Sunday,18,April,Apr,4,2,2023
20230501,Monday,18,May,May,5,2,2023
20230502,Tuesday,18,May,May,5,2,2023
20230503,Wednesday,18,May,May,5,2,2023
20230504,Thursday,18,May,May,5,2,2023
20230505,Friday,18,May,May,5,2,2023
20230506,Saturday,18,May,May,5,2,2023
20230507,Sunday,19,May,May,5,2,2023
20230508,Monday,19,May,May,5,2,2023
20230509,Tuesday,19,May,May,5,2,2023
20230510,Wednesday,19,May,May,5,2,2023
20230511,Thursday,19,May,May,5,2,2023
20230512,Friday,19,May,May,5,2,2023
20230513,Saturday,19,May,May,5,2,2023
20230514,Sunday,20,May,May,5,2,2023
20230515,Monday,20,May,May,5,2,2023
20230516,Tuesday,20,May,May,5,2,2023
20230517,Wednesday,20,May,May,5,2,2023
20230518,Thursday,20,May,May,5,2,2023
20230519,Friday,20,May,May,5,2,2023
20230520,Saturday,20,May,May,5,2,2023
20230521,Sunday,21,May,May,5,2,2023
20230522,Monday,21,May,May,5,2,2023
20230523,Tuesday,21,May,May,5,2,2023
20230524,Wednesday,21,May,May,5,2,2023
20230525,Thursday,21,May,May,5,2,2023
20230526,Friday,21,May,May,5,2,2023
20230527,Saturday,21,May,May,5,2,2023
20230528,Sunday,22,May,May,5,2,2023
20230529,Monday,22,May,May,5,2,2023
20230530,Tuesday,22,May,May,5,2,2023
20230531,Wednesday,22,May,May,5,2,2023
20230601,Thursday,22,June,Jun,6,2,2023
20230602,Friday,22,June,Jun,6,2,2023
20230603,Saturday,22,June,Jun,6,2,2023
20230604,Sunday,23,June,Jun,6,2,2023
20230605,Monday,23,June,Jun,6,2,2023
20230606,Tuesday,23,June,Jun,6,2,2023
20230607,Wednesday,23,June,Jun,6,2,2023
20230608,Thursday,23,June,Jun,6,2,2023
20230609,Friday,23,June,Jun,6,2,2023
20230610,Saturday,23,June,Jun,6,2,2023
20230611,Sunday,24,June,Jun,6,2,2023
20230612,Monday,24,June,Jun,6,2,2023
20230613,Tuesday,24,June,Jun,6,2,2023
20230614,Wednesday,24,June,Jun,6,2,2023
20230615,Thursday,24,June,Jun,6,2,2023
20230616,Friday,24,June,Jun,6,2,2023
20230617,Saturday,24,June,Jun,6,2,2023
20230618,Sunday,25,June,Jun,6,2,2023
20230619,Monday,25,June,Jun,6,2,2023
20230620,Tuesday,25,June,Jun,6,2,2023
20230621,Wednesday,25,June,Jun,6,2,2023
20230622,Thursday,25,June,Jun,6,2,2023
20230623,Friday,25,June,Jun,6,2,2023
20230624,Saturday,25,June,Jun,6,2,2023
20230625,Sunday,26,June,Jun,6,2,2023
20230626,Monday,26,June,Jun,6,2,2023
20230627,Tuesday,26,June,Jun,6,2,2023
20230628,Wednesday,26,June,Jun,6,2,2023
20230629,Thursday,26,June,Jun,6,2,2023
20230630,Friday,26,June,Jun,6,2,2023
20230701,Saturday,26,July,Jul,7,3,2023
20230702,Sunday,27,July,Jul,7,3,2023
20230703,Monday,27,July,Jul,7,3,2023
20230704,Tuesday,27,July,Jul,7,3,2023
20230705,Wednesday,27,July,Jul,7,3,2023
20230706,Thursday,27,July,Jul,7,3,2023
20230707,Friday,27,July,Jul,7,3,2023
20230708,Saturday,27,July,Jul,7,3,2023
20230709,Sunday,28,July,Jul,7,3,2023
20230710,Monday,28,July,Jul,7,3,2023
20230711,Tuesday,28,July,Jul,7,3,2023
20230712,Wednesday,28,July,Jul,7,3,2023
20230713,Thursday,28,July,Jul,7,3,2023
20230714,Friday,28,July,Jul,7,3,2023
20230715,Saturday,28,July,Jul,7,3,2023
20230716,Sunday,29,July,Jul,7,3,2023
20230717,Monday,29,July,Jul,7,3,2023
20230718,Tuesday,29,July,Jul,7,3,2023
20230719,Wednesday,29,July,Jul,7,3,2023
20230720,Thursday,29,July,Jul,7,3,2023
20230721,Friday,29,July,Jul,7,3,2023
20230722,Saturday,29,July,Jul,7,3,2023
20230723,Sunday,30,July,Jul,7,3,2023
20230724,Monday,30,July,Jul,7,3,2023
20230725,Tuesday,30,July,Jul,7,3,2023
20230726,Wednesday,30,July,Jul,7,3,2023
20230727,Thursday,30,July,Jul,7,3,2023
20230728,Friday,30,July,Jul,7,3,2023
20230729,Saturday,30,July,Jul,7,3,2023
20230730,Sunday,31,July,Jul,7,3,2023
20230731,Monday,31,July,Jul,7,3,2023
20230801,Tuesday,31,August,Aug,8,3,2023
20230802,Wednesday,31,August,Aug,8,3,2023
20230803,Thursday,31,August,Aug,8,3,2023
20230804,Friday,31,August,Aug,8,3,2023
20230805,Saturday,31,August,Aug,8,3,2023
20230806,Sunday,32,August,Aug,8,3,2023
20230807,Monday,32,August,Aug,8,3,2023
20230808,Tuesday,32,August,Aug,8,3,2023
20230809,Wednesday,32,August,Aug,8,3,2023
20230810,Thursday,32,August,Aug,8,3,2023
20230811,Friday,32,August,Aug,8,3,2023
20230812,Saturday,32,August,Aug,8,3,2023
20230813,Sunday,33,August,Aug,8,3,2023
20230814,Monday,33,August,Aug,8,3,2023
20230815,Tuesday,33,August,Aug,8,3,2023
20230816,Wednesday,33,August,Aug,8,3,2023
20230817,Thursday,33,August,Aug,8,3,2023
20230818,Friday,33,August,Aug,8,3,2023
20230819,Saturday,33,August,Aug,8,3,2023
20230820,Sunday,34,August,Aug,8,3,2023
20230821,Monday,34,August,Aug,8,3,2023
20230822,Tuesday,34,August,Aug,8,3,2023
20230823,Wednesday,34,August,Aug,8,3,2023
20230824,Thursday,34,August,Aug,8,3,2023
20230825,Friday,34,August,Aug,8,3,2023
20230826,Saturday,34,August,Aug,8,3,2023
20230827,Sunday,35,August,Aug,8,3,2023
20230828,Monday,35,August,Aug,8,3,2023
20230829,Tuesday,35,August,Aug,8,3,2023
20230830,Wednesday,35,August,Aug,8,3,2023
20230831,Thursday,35,August,Aug,8,3,2023
20230901,Friday,35,September,Sep,9,3,2023
20230902,Saturday,35,September,Sep,9,3,2023
20230903,Sunday,36,September,Sep,9,3,2023
20230904,Monday,36,September,Sep,9,3,2023
20230905,Tuesday,36,September,Sep,9,3,2023
20230906,Wednesday,36,September,Sep,9,3,2023
20230907,Thursday,36,September,Sep,9,3,2023
20230908,Friday,36,September,Sep,9,3,2023
20230909,Saturday,36,September,Sep,9,3,2023
20230910,Sunday,37,September,Sep,9,3,2023
20230911,Monday,37,September,Sep,9,3,2023
20230912,Tuesday,37,September,Sep,9,3,2023
20230913,Wednesday,37,September,Sep,9,3,2023
20230914,Thursday,37,September,Sep,9,3,2023
20230915,Friday,37,September,Sep,9,3,2023
20230916,Saturday,37,September,Sep,9,3,2023
20230917,Sunday,38,September,Sep,9,3,2023
20230918,Monday,38,September,Sep,9,3,2023
20230919,Tuesday,38,September,Sep,9,3,2023
20230920,Wednesday,38,September,Sep,9,3,2023
20230921,Thursday,38,September,Sep,9,3,2023
20230922,Friday,38,September,Sep,9,3,2023
20230923,Saturday,38,September,Sep,9,3,2023
20230924,Sunday,39,September,Sep,9,3,2023
20230925,Monday,39,September,Sep,9,3,2023
20230926,Tuesday,39,September,Sep,9,3,2023
20230927,Wednesday,39,September,Sep,9,3,2023
20230928,Thursday,39,September,Sep,9,3,2023
20230929,Friday,39,September,Sep,9,3,2023
20230930,Saturday,39,September,Sep,9,3,2023
20231001,Sunday,40,October,Oct,10,4,2023
20231002,Monday,40,October,Oct,10,4,2023
20231003,Tuesday,40,October,Oct,10,4,2023
20231004,Wednesday,40,October,Oct,10,4,2023
20231005,Thursday,40,October,Oct,10,4,2023
20231006,Friday,40,October,Oct,10,4,2023
20231007,Saturday,40,October,Oct,10,4,2023
20231008,Sunday,41,October,Oct,10,4,2023
20231009,Monday,41,October,Oct,10,4,2023
20231010,Tuesday,41,October,Oct,10,4,2023
20231011,Wednesday,41,October,Oct,10,4,2023
20231012,Thursday,41,October,Oct,10,4,2023
20231013,Friday,41,October,Oct,10,4,2023
20231014,Saturday,41,October,Oct,10,4,2023
20231015,Sunday,42,October,Oct,10,4,2023
20231016,Monday,42,October,Oct,10,4,2023
20231017,Tuesday,42,October,Oct,10,4,2023
20231018,Wednesday,42,October,Oct,10,4,2023
20231019,Thursday,42,October,Oct,10,4,2023
20231020,Friday,42,October,Oct,10,4,2023
20231021,Saturday,42,October,Oct,10,4,2023
20231022,Sunday,43,October,Oct,10,4,2023
20231023,Monday,43,October,Oct,10,4,2023
20231024,Tuesday,43,October,Oct,10,4,2023
20231025,Wednesday,43,October,Oct,10,4,2023
20231026,Thursday,43,October,Oct,10,4,2023
20231027,Friday,43,October,Oct,10,4,2023
20231028,Saturday,43,October,Oct,10,4,2023
20231029,Sunday,44,October,Oct,10,4,2023
20231030,Monday,44,October,Oct,10,4,2023
20231031,Tuesday,44,October,Oct,10,4,2023
20231101,Wednesday,44,November,Nov,11,4,2023
20231102,Thursday,44,November,Nov,11,4,2023
20231103,Friday,44,November,Nov,11,4,2023
20231104,Saturday,44,November,Nov,11,4,2023
20231105,Sunday,45,November,Nov,11,4,2023
20231106,Monday,45,November,Nov,11,4,2023
20231107,Tuesday,45,November,Nov,11,4,2023
20231108,Wednesday,45,November,Nov,11,4,2023
20231109,Thursday,45,November,Nov,11,4,2023
20231110,Friday,45,November,Nov,11,4,2023
20231111,Saturday,45,November,Nov,11,4,2023
20231112,Sunday,46,November,Nov,11,4,2023
20231113,Monday,46,November,Nov,11,4,2023
20231114,Tuesday,46,November,Nov,11,4,2023
20231115,Wednesday,46,November,Nov,11,4,2023
20231116,Thursday,46,November,Nov,11,4,2023
20231117,Friday,46,November,Nov,11,4,2023
20231118,Saturday,46,November,Nov,11,4,2023
20231119,Sunday,47,November,Nov,11,4,2023
20231120,Monday,47,November,Nov,11,4,2023
20231121,Tuesday,47,November,Nov,11,4,2023
20231122,Wednesday,47,November,Nov,11,4,2023
20231123,Thursday,47,November,Nov,11,4,2023
20231124,Friday,47,November,Nov,11,4,2023
20231125,Saturday,47,November,Nov,11,4,2023
20231126,Sunday,48,November,Nov,11,4,2023
20231127,Monday,48,November,Nov,11,4,2023
20231128,Tuesday,48,November,Nov,11,4,2023
20231129,Wednesday,48,November,Nov,11,4,2023
20231130,Thursday,48,November,Nov,11,4,2023
20231201,Friday,48,December,Dec,12,4,2023
20231202,Saturday,48,December,Dec,12,4,2023
20231203,Sunday,49,December,Dec,12,4,2023
20231204,Monday,49,December,Dec,12,4,2023
20231205,Tuesday,49,December,Dec,12,4,2023
20231206,Wednesday,49,December,Dec,12,4,2023
20231207,Thursday,49,December,Dec,12,4,2023
20231208,Friday,49,December,Dec,12,4,2023
20231209,Saturday,49,December,Dec,12,4,2023
20231210,Sunday,50,December,Dec,12,4,2023
20231211,Monday,50,December,Dec,12,4,2023
20231212,Tuesday,50,December,Dec,12,4,2023
20231213,Wednesday,50,December,Dec,12,4,2023
20231214,Thursday,50,December,Dec,12,4,2023
20231215,Friday,50,December,Dec,12,4,2023
20231216,Saturday,50,December,Dec,12,4,2023
20231217,Sunday,51,December,Dec,12,4,2023
20231218,Monday,51,December,Dec,12,4,2023
20231219,Tuesday,51,December,Dec,12,4,2023
20231220,Wednesday,51,December,Dec,12,4,2023
20231221,Thursday,51,December,Dec,12,4,2023
20231222,Friday,51,December,Dec,12,4,2023
20231223,Saturday,51,December,Dec,12,4,2023
20231224,Sunday,52,December,Dec,12,4,2023
20231225,Monday,52,December,Dec,12,4,2023
20231226,Tuesday,52,December,Dec,12,4,2023
20231227,Wednesday,52,December,Dec,12,4,2023
20231228,Thursday,52,December,Dec,12,4,2023
20231229,Friday,52,December,Dec,12,4,2023
20231230,Saturday,52,December,Dec,12,4,2023
20231231,Sunday,53,December,Dec,12,4,2023
